point,aud,cad,chf,eur,gbp,jpy,nzd,sek,usd
1y1y,-0.13189011229444603,-0.23615460976808134,-0.15161483347804317,-0.6484930700424885,-0.7540509233888217,0.2908023583588397,-0.4242855125283844,-0.5112557639465702,-0.9629457811845139
1y2y,-0.2010718898737629,-0.9430199303903182,-0.12302750774201932,-0.5401295904203605,-0.6691348167269142,0.2546096826881307,-0.5381559320894285,-0.4875230252727576,-0.7840457291400877
1y3y,-0.13190418058156883,-0.640443191279318,-0.08734594280193853,-0.4052028585696732,-0.4951661869269719,0.2124225411705294,-0.4357581433892044,-0.40762442923193465,-0.583129457525045
1y4y,-0.06276900044081035,-0.5112090802146456,-0.05997266823278635,-0.3046075905099226,-0.3896655624170169,0.1939057142898557,-0.34261838157724434,-0.3336736625240415,-0.44267935040112816
1y5y,-0.01155728266786138,-0.40129483199694516,-0.04348218042089602,-0.24156212873932326,-0.3634156463330802,0.18822697544281286,-0.26444270044150553,-0.26030576938634375,-0.3508283751601913
1y6y,0.1445681501607874,-0.2739673567556187,-0.03048437917298341,-0.19638345356248843,-0.3036733425706766,0.18723179546570723,-0.2153673477661151,-0.2150697506817143,-0.29362349462103676
1y7y,-0.09800178144822702,-0.32132120282129595,-0.016779898540738136,-0.16432204355660351,-0.2602790808856339,0.17493802546366555,-0.17724130791220993,-0.18293228442856835,-0.25006860592713354
1y8y,0.015256390565197897,-0.23797509153637986,-0.013794998095401079,-0.14038195367804684,-0.2169032681402241,0.16442756123718882,-0.1524735117615723,-0.15420597015154902,-0.21558634330746385
1y9y,0.012842556386598147,-0.2244422844526648,-0.01016855773403269,-0.1192752285007006,-0.20481026093083443,0.15698855573639514,-0.12998455870013892,-0.13538993883224038,-0.19125952724117834
1y10y,0.002525516322850585,-0.20163083370330792,-0.007083223646352499,-0.10603689063370014,-0.1883375075919611,0.15020734345030995,-0.11424774530210069,-0.12135310579930669,-0.1708386518128191
1y11y,0.0052043779987132055,-0.17352228047950113,-0.005371111878869517,-0.09755822190572827,-0.1711641174642331,0.143769366126134,-0.102042140915243,-0.11068477863929349,-0.15396165886707402
1y12y,0.005197422561288967,-0.15246090746061824,-0.004840844708954295,-0.09232623966974485,-0.15744265656606338,0.1376755900876927,-0.09166887882816699,-0.1033395252447975,-0.14070946151295027
1y13y,0.00244298783933683,-0.13847183746376324,-0.0054400811425980855,-0.0900947703778412,-0.14701167603912513,0.13190178138896158,-0.08287477195255644,-0.09914434470934985,-0.1308010588845363
1y14y,-0.0030949429106694737,-0.1315384604041192,-0.007129307942630669,-0.09067995166084053,-0.13974356056862725,0.12643078818393194,-0.07547709256115898,-0.0979711941641499,-0.12403052252009594
1y15y,-0.010876671410120942,-0.13053446891200782,-0.009642288057923887,-0.0934098074284817,-0.13510666738629507,0.12110102213481988,-0.06930063633794958,-0.09916268155380825,-0.11993261296933655
1y16y,-0.01866351376096187,-0.1310593851038684,-0.012007537021683001,-0.09604287837267034,-0.13130020612952986,0.11530324743729015,-0.06408343835278885,-0.10039050185253418,-0.11714167743792503
1y17y,-0.02581101495472815,-0.13184118429637426,-0.013930599264351695,-0.09788702513265601,-0.1277720768274131,0.1088553457891579,-0.05969941104714316,-0.10093780186711365,-0.11520159768136917
1y18y,-0.032232569713716686,-0.13269931856956685,-0.015356926369826773,-0.09880131861304653,-0.12441179844841788,0.10172681799196504,-0.05607865821461733,-0.10066042692873944,-0.1139853775109616
1y19y,-0.0378620937620715,-0.13349427478111675,-0.016244623129825886,-0.09867858415368813,-0.12113343379359609,0.09389520233261162,-0.053165105294090687,-0.09944640192174159,-0.11339269025448928
1y20y,-0.04263149219240159,-0.13413711735407485,-0.016673683562904218,-0.09761435331541568,-0.11794236941919234,0.08561401311502359,-0.050891576461808086,-0.09739497810981046,-0.11319045500332026
1y21y,-0.046431949564112784,-0.13462203442784748,-0.01707091732376531,-0.09625871612713821,-0.11507752960417506,0.0779572896301004,-0.0491340481679865,-0.09518944463193746,-0.11269939984465172
1y22y,-0.04921369102049056,-0.13490281570893803,-0.017543865749350962,-0.09475906966710079,-0.11257481520259649,0.07122385729586123,-0.04783685422620465,-0.09298750727746974,-0.11169364659121728
1y23y,-0.05095113321442035,-0.13492711910992927,-0.01809200572527403,-0.09309575781837065,-0.11040491991061252,0.06544516948212897,-0.04697062099306759,-0.09077110574540592,-0.11010921695548737
1y24y,-0.05162455755165585,-0.13465297579043334,-0.018714826433426257,-0.09125289697868544,-0.10854305120396823,0.06064612271616254,-0.046510408180557405,-0.08852528530201775,-0.10789391854395047
1y25y,-0.05142116702989874,-0.13408327239215634,-0.019378833533399753,-0.08928812683505649,-0.10693227725624155,0.05675323707957536,-0.04635286101374447,-0.08628926140930515,-0.10517381949215654
1y26y,-0.051142046946671904,-0.133337652581905,-0.019950959005331725,-0.08747397823692493,-0.10541106023581515,0.053407511763038595,-0.046150461511888174,-0.08426034067007704,-0.10259217439078983
1y27y,-0.0510011479618564,-0.13243285141208805,-0.020394177818607417,-0.08587818314924656,-0.10392585275401922,0.050517226537219795,-0.04579785116214019,-0.08248737406157503,-0.10030670535379294
1y28y,-0.051012976458722825,-0.1313530545638013,-0.02070435950652061,-0.08449949055896644,-0.10246108082529748,0.04808073636717558,-0.04527368230871254,-0.0809691379780908,-0.09831185598814507
1y29y,-0.05118975103036494,-0.13008524029518398,-0.020878093154855337,-0.08333653940890207,-0.10100355615841972,0.04609625511801152,-0.04456007100706305,-0.07970441597292321,-0.09660261934275205
2y1y,-0.24632355515862603,-1.5735306412444925,-0.08642534852795292,-0.40167304075574783,-0.5283677866761849,0.21861464865857816,-0.6153408391220676,-0.4457345226523568,-0.5803998959111363
2y2y,-0.10932932485135982,-0.787317551644624,-0.04758398972186351,-0.25697816241290994,-0.31618900196913824,0.17362294988824678,-0.40898852673018826,-0.33988573660185484,-0.3717255665552224
2y3y,-0.017484449241364608,-0.5538840457508547,-0.021946003682428605,-0.16507623876273048,-0.22137092183277396,0.16218429176300453,-0.28507119453765917,-0.2599218661512608,-0.2492944159482846
2y4y,0.04104992517959882,-0.39697080733951706,-0.008976348923824151,-0.11562180290360846,-0.2203662646521325,0.1633649154239537,-0.19531361584253926,-0.1838696082222464,-0.17854467325298407
2y5y,0.22302108531969456,-0.23751507415618223,0.0012638921089236366,-0.08203940152716438,-0.1700021800739666,0.16754070744426874,-0.1449010143721532,-0.1425467786423984,-0.14083066214814988
2y6y,-0.0670018764679785,-0.29103161157454815,0.013310303121795375,-0.05974341891313184,-0.1354270978977592,0.1569371745154292,-0.10758325937673163,-0.11515862049385461,-0.11251558209653068
2y7y,0.060781958136232106,-0.1951853861105577,0.013673448357142792,-0.04381546492652344,-0.09821737936193387,0.14797170761328793,-0.08515906088267311,-0.09028085803797747,-0.09016638911217978
2y8y,0.05596149940653117,-0.17994065225185762,0.01543222482936879,-0.028966044629931798,-0.09431440998336349,0.142146769171401,-0.06463592771003412,-0.07552574054140049,-0.07614990219079987
2y9y,0.042925807560397544,-0.15494146302122402,0.0170332907356463,-0.02133319775424436,-0.08388131157258716,0.13676378605741135,-0.051070101354596886,-0.06515176050625815,-0.06415611019700851
2y10y,0.044662000626885856,-0.12445245706586672,0.01744850240508633,-0.01775011139974758,-0.07146745840070334,0.13154132970711152,-0.040883626199412326,-0.05773529743277894,-0.05434232796676586
2y11y,0.04370336696575183,-0.10178804423332366,0.01682859120458824,-0.016797082213512837,-0.06187460403271139,0.12652871956217204,-0.03227190594981533,-0.05334574280371562,-0.04716714254990961
2y12y,0.03996083236358583,-0.08682703004202974,0.015185573648696105,-0.01839119456289451,-0.055097556806866343,0.12173153770122158,-0.025021678661161673,-0.051882573556542244,-0.04258077992704745
2y13y,0.033372781765167225,-0.07948374073460407,0.012527766936562212,-0.0224752280694136,-0.05113260387355556,0.11715354092700991,-0.01898526406582146,-0.05327628804530571,-0.040548740226727276
2y14y,0.02449372377783199,-0.07853782860908698,0.00911319298027724,-0.028440824062468728,-0.04952003982323294,0.11263760064316175,-0.014014908941037518,-0.05687796951036006,-0.04071492433575674
2y15y,0.01568560263103702,-0.07931093566950853,0.005954596878702478,-0.03398699504573344,-0.048429777742125424,0.10754693615860145,-0.009864295661555111,-0.060253521275889455,-0.041735423638491476
2y16y,0.0076064768575516695,-0.08044889002002265,0.003342651543101649,-0.03844368070424631,-0.04733886565794876,0.10170137976802263,-0.006427193018426536,-0.06269174828651147,-0.043218640124376595
2y17y,0.0003281864655209077,-0.0817509190512995,0.001317977555743255,-0.0417073906092309,-0.046176675342682216,0.09507829199437867,-0.0036527748291099726,-0.06408059539067068,-0.045103990542367356
2y18y,-0.006093328199081149,-0.0830608128075161,-8.779141988379813e-05,-0.043697339358026,-0.044888251050244854,0.08765998465004632,-0.0015014910050767938,-0.06433277144613436,-0.04734437903589406
2y19y,-0.011595586460038554,-0.08427609130477087,-0.0009679965136253355,-0.04453647573228059,-0.0435069602240139,0.07971664906375509,8.047957260259864e-05,-0.06357630104009893,-0.04974182848263364
2y20y,-0.016069932343375726,-0.08538189343057301,-0.001777435094018509,-0.044923718936012325,-0.04230609890529857,0.07237717513182051,0.0012087282486694662,-0.06254654049576969,-0.05162136858075872
2y21y,-0.019466798048918932,-0.08632195722407054,-0.002634447985700561,-0.04503030634886196,-0.04134487548805943,0.06595478227934559,0.0019291515384551872,-0.061422909135480985,-0.05277596950932084
2y22y,-0.021759784097787893,-0.08703382165864326,-0.003543388622056387,-0.04485024009821448,-0.04061175537922468,0.06048358307112256,0.0022616581593863927,-0.060198245834238495,-0.053161828586375304
2y23y,-0.02292700418527005,-0.08746580317994734,-0.004507856900846097,-0.04437854231817662,-0.04009721608428318,0.05599181865805769,0.002222695854338319,-0.05886663123736202,-0.05274270462601116
2y24y,-0.02316087575499015,-0.08761291224733991,-0.005496484654245792,-0.0436845077846062,-0.03975608226839267,0.05240601190383387,0.001911347295719068,-0.05747697186377021,-0.05166426311272865
2y25y,-0.02329219203642996,-0.08759211043693949,-0.006373772485450013,-0.04305966328025823,-0.03943212465176016,0.049356272438115356,0.0016819238835736883,-0.05624134074772691,-0.050607491621548206
2y26y,-0.023545307539954763,-0.08741566690178715,-0.007103149953751053,-0.042583874776860764,-0.03907775437185945,0.04675023914882481,0.0016401987828649212,-0.055216887633353195,-0.04974903433144551
2y27y,-0.023938473663732474,-0.08706268964763275,-0.007681659623390624,-0.04226492417735184,-0.038682986015470266,0.04458889709492775,0.0018062164184193819,-0.05440812838467979,-0.04909505262201508
2y28y,-0.0244873410038009,-0.0865152354779366,-0.008106761240992633,-0.042109491642961405,-0.0382392560829965,0.04287309765593306,0.0021971562181368753,-0.05381893936847826,-0.048650833126437476
3y1y,0.02766490545590017,-0.0011044620447324682,-0.008742630915768768,-0.11228328407006005,-0.10401021726207649,0.12863125111792384,-0.20263621433831958,-0.2340369505513693,-0.1630512371993187
3y2y,0.09693510371725989,-0.044060748004025374,0.010293668740323003,-0.04677783776621469,-0.06787248941106938,0.1339691133152069,-0.11993637224545228,-0.1670155379007201,-0.08374167596686277
3y3y,0.13684108529233452,-0.00478419603785607,0.016839984277554176,-0.02027139028623104,-0.1176990906441171,0.1449483376790679,-0.05530454141602803,-0.09658130341220783,-0.04459293236693451
3y4y,0.3403572454392725,0.09648881761589578,0.02318620226814616,-0.002130991720019182,-0.08041077842340671,0.15477222214068753,-0.027291058184676587,-0.06674984263990558,-0.030938353707402833
3y5y,-0.03113754072984687,-0.0345318056405568,0.033257433451747476,0.00864250545539047,-0.05683896014207379,0.1446016796867987,-0.00603174342766799,-0.049043440062150445,-0.018938719333610354
3y6y,0.11196621035203957,0.03453882307843292,0.030356581171324004,0.01582746437834448,-0.02652564480955677,0.13619788410573685,0.0032045688238913073,-0.03103858060224285,-0.008460804645688658
3y7y,0.0991450786301229,0.01914363188994761,0.029983306737557003,0.02427781195947043,-0.032306784741531036,0.13122278638751628,0.014036202491682026,-0.022638771668405333,-0.004114188802177843
3y8y,0.07908197790027405,0.02238218425668359,0.029965620643595425,0.026209282620944574,-0.028320502184636442,0.12653242823226463,0.019463740866336288,-0.01757891523799504,0.00037436301726057053
3y9y,0.07699372904749602,0.036556230065091455,0.028990041397645827,0.02490799186203052,-0.020700755258982184,0.12186651649028124,0.02294495301421673,-0.014624272408382044,0.0041085129159443845
3y10y,0.07270605917818784,0.04538621546779442,0.0271539851778424,0.021690513640711284,-0.015225285768362795,0.11732012665253011,0.02603498736740928,-0.01410686481885115,0.006156132786214297
3y11y,0.06598668577469358,0.04832784370364962,0.02442293021021058,0.016452609636454785,-0.012072990455111121,0.11292398215964017,0.02864369956255519,-0.016077850911466296,0.006311866980596381
3y12y,0.056680809842147184,0.04502016764122008,0.02077385989193936,0.009124589654447401,-0.011363005306670004,0.10869844861604427,0.03071103385553009,-0.0205714351613846,0.00443885608030703
3y13y,0.04532582215755987,0.03646161851671348,0.01646231155783351,0.00026934645239995447,-0.012685597757619682,0.1044855200265895,0.03224093184211796,-0.02696592696097566,0.0007993042469656153
3y14y,0.03440054247315327,0.02741904330013245,0.012553164407748119,-0.007723706066446123,-0.014148491389692985,0.0996135281228887,0.033384028871338955,-0.032719164034712644,-0.003259389904729737
3y15y,0.024535145658630242,0.01908989339494127,0.009327184881172457,-0.014228390034145555,-0.015270270923399387,0.09390716184198511,0.034167050055150305,-0.03715556332878789,-0.007406556405260112
3y16y,0.015743920317030202,0.01148531358577376,0.006801935435973627,-0.019209537475073812,-0.016039730884338077,0.08735726970286617,0.03457772918920021,-0.04022722493681519,-0.011647996456820131
3y17y,0.008037861622067766,0.004613882982895667,0.004990888410002059,-0.022639945158160035,-0.016448278366365088,0.0799567691201315,0.03460670594298154,-0.041897374316357094,-0.015988172160879444
3y18y,0.0014448562454374425,-0.0015397274192299193,0.003779634153836531,-0.02469555545319846,-0.016570247643338032,0.07200009353070902,0.03427055283341751,-0.04234528872830623,-0.020260824736604732
3y19y,-0.003951320616258691,-0.007058275124577129,0.002677718244609606,-0.02614743884023607,-0.016723904812093515,0.06468046599883248,0.03365870547870742,-0.04237875196121177,-0.023790919773896135
3y20y,-0.00812396019343442,-0.011961523023049203,0.0015550970414117682,-0.027198169628517288,-0.01699372992865289,0.058321788960383314,0.03279265107148177,-0.04220732845963582,-0.026394773189230225
3y21y,-0.01106627119013126,-0.016248258821221384,0.00040337137346191376,-0.027858678162140826,-0.017385277698416246,0.052953532328862796,0.03167130088707548,-0.04183937550956607,-0.028055253951862813
3y22y,-0.012772615504665907,-0.019917401449741412,-0.0007843345541589386,-0.02813788329828748,-0.017903099239196862,0.04859987183985259,0.030293765625993174,-0.04128172708213507,-0.028758286840323333
3y23y,-0.013458150563529614,-0.023007793595289705,-0.0019778383988680037,-0.028119788959774183,-0.018512095120228,0.04517954943623681,0.028748398879100634,-0.04059620878600523,-0.028675757338883834
3y24y,-0.013999218573005123,-0.025678004986624536,-0.003038290150346068,-0.028117439218778628,-0.01905980540074248,0.04230384009559551,0.027391205675475483,-0.04001245816836674,-0.028532808109481334
3y25y,-0.0146341776352088,-0.027971067928080018,-0.003930262010783503,-0.028220308137704375,-0.01950615307968606,0.03987566276843335,0.026319440299061192,-0.03959618223259209,-0.028522999868256793
3y26y,-0.015385201298546036,-0.02989084535544606,-0.004653056203984152,-0.028441535078183033,-0.0198489552208283,0.0378955989578631,0.025542641631513874,-0.0393571132205377,-0.02866025095704794
3y27y,-0.016271184923993154,-0.03144059081991735,-0.005206072822956376,-0.028792323157302402,-0.020086347542508154,0.03636415132250059,0.025068933823329864,-0.03930354739500164,-0.028956423393669883
4y1y,0.16620530197863026,-0.08701703396332094,0.02932996839643054,0.018727608537632,-0.0317347615600605,0.1393069755124915,-0.0372365301525992,-0.09999412525006202,-0.004432114734412185
4y2y,0.1914291752105557,-0.006624063034418537,0.029631291874220533,0.02573455660568591,-0.12454352733512364,0.1531068809596564,0.018361295045116854,-0.027853479842621987,0.014636220049265347
4y3y,0.4445880254337409,0.12901991083611275,0.03382914666278536,0.03458643906333192,-0.07254429881051472,0.1634858791482785,0.031157327199868412,-0.010987473336088627,0.013099274123233418
4y4y,-0.04583815227628296,-0.042888641539511774,0.04375744954362193,0.0388739528367541,-0.04504614586207545,0.14859428682901898,0.04311937429999446,-0.002795062439850504,0.01708941013281695
4y5y,0.128826471331271,0.041667480103066534,0.0381764235887434,0.04144961406802805,-0.01102873031905327,0.13771121070330095,0.04437272545633597,0.009561093387576491,0.022457281865035483
4y6y,0.1110584408258326,0.02251831421239725,0.03643762967978259,0.047037994631062396,-0.020356212654774275,0.13165470893245335,0.05014827196335059,0.012594258145417037,0.022375319264008375
4y7y,0.08642727396375882,0.02573741944260366,0.03549537086636456,0.04599393500537685,-0.017507685744999613,0.12623259639145945,0.05119230589557411,0.01334366123534192,0.02372087733391126
4y8y,0.08315983199644794,0.04126381657882039,0.03370662543682501,0.04205690135354345,-0.010287072508595063,0.12102092466182857,0.0511425989332821,0.012802312359491363,0.02500348168035016
4y9y,0.07771063181399906,0.050551846302520964,0.031142498077133762,0.03657649116412953,-0.005360293380173964,0.11606333504526511,0.051442898668044634,0.010329811373650077,0.024956951673492878
4y10y,0.06981886380657443,0.05327107427848787,0.027739486322808204,0.02932619900710831,-0.002879267774415162,0.11135325526381479,0.051771690952641336,0.005718059052520985,0.023248177398585312
4y11y,0.059318619331808264,0.049213315794490065,0.023457177238094484,0.020161669083949008,-0.0029405314925385895,0.10688637566132964,0.05192442005497089,-0.001165479216841181,0.01966522819663563
4y12y,0.046797565216032844,0.03959212523016742,0.018562723430632477,0.009648732329272214,-0.005075212798913764,0.10247337576897997,0.051814027357154124,-0.00971000832844382,0.014453516034154568
4y13y,0.03491866839755797,0.02961315909589235,0.014191302509557913,0.00031933839537101605,-0.0072360509379709725,0.0973813955848104,0.051539432195157,-0.0172331804565089,0.009032290656389996
4y14y,0.02431159138739769,0.02053234735491838,0.010617886009525845,-0.007224469031580583,-0.008931703327778262,0.09142686975084668,0.05108156894039695,-0.02309260709860439,0.00371092079431401
4y15y,0.014949187974439226,0.01232463196114253,0.007838239859423446,-0.013004621035408004,-0.01017503179248802,0.08460567094186278,0.050391992091032733,-0.027306576562511342,-0.0015544470739867755
4y16y,0.006811171382454795,0.004971279547123508,0.005849233367863693,-0.017037236476165063,-0.010975657185382737,0.07691461399527033,0.04943438846056125,-0.029888650801668692,-0.00679673059597885
4y17y,-9.74995904714504e-05,-0.0015653312647883055,0.004516237981461613,-0.01954333612279413,-0.011426720018706149,0.06866884896675685,0.0482062450199896,-0.031069308621067382,-0.011861388709387466
4y18y,-0.005707777620267862,-0.0073890425179001795,0.003312182086854021,-0.02136211410524602,-0.011874665231538017,0.061127644603328424,0.04678620102409692,-0.031731074261758696,-0.016054235472484635
4y19y,-0.010007584701293482,-0.012532947285063933,0.0020970827233692813,-0.022720005710541447,-0.012413914805839976,0.05462129095209245,0.045183643987786404,-0.03211103256007153,-0.01920232771501551
4y20y,-0.013002830022432299,-0.017005448660045275,0.0008606714879242361,-0.023637447866744488,-0.013054030720232923,0.04916964638941135,0.043386676648342615,-0.032229496757476994,-0.021305454789490863
4y21y,-0.014698211740880929,-0.020813255707122558,-0.00040536806074831233,-0.024130959452012046,-0.013802760285726023,0.04478885377899244,0.04138566943381772,-0.03210290691693363,-0.02236338444227748
4y22y,-0.015327380382592182,-0.024003399574859863,-0.0016703478299180397,-0.024294175545668928,-0.014625816841051797,0.041386290268887516,0.03926588129807396,-0.031803447796671325,-0.022567780981592733
4y23y,-0.015810702226436213,-0.026746419897141216,-0.002790275334457082,-0.024458054660027262,-0.015366309232858644,0.038550474398972856,0.03739239784998816,-0.0315766106734543,-0.02268418075775136
4y24y,-0.016396639430671378,-0.02909050983988548,-0.0037297466397416823,-0.02471768414052411,-0.015985150405418924,0.036177513253872196,0.035859259242285724,-0.0314944835526445,-0.02291765664613088
4y25y,-0.01710720556872225,-0.03104230068787439,-0.004489473215512296,-0.025087865118508024,-0.016482504739177894,0.03426617287146172,0.034669795870307496,-0.031569919727305606,-0.023284611507358832
4y26y,-0.017961034553988675,-0.03260736500357719,-0.005070051357848326,-0.02558113235296533,-0.016858506399447304,0.03281541671498567,0.03382682413723881,-0.031813801119756846,-0.023798930554992825
5y1y,0.21665304844247935,0.07376890789448254,0.029932615351993874,0.032741504673743815,-0.217352293110197,0.16690678640680923,0.0739591202428116,0.044287165564814046,0.033704554832940214
5y2y,0.5837793871612922,0.2370383832358227,0.03607873579596621,0.04251585432618343,-0.09294906743574494,0.17557533096616762,0.06535425587609378,0.03351585262089252,0.021864968552046893
5y3y,-0.11651930369459063,-0.02817917739824871,0.04856660992602424,0.04558940093645836,-0.049483273962746654,0.15169005726786566,0.0699046757841888,0.029604625163558218,0.024263251755222814
5y4y,0.11948176366943031,0.07383860861966118,0.04038803738682928,0.04713011545062562,-0.005852222508800242,0.13731226950100028,0.06477503935856443,0.03694989804698823,0.02917963101489862
5y5y,0.10002906859526739,0.044425383847536803,0.037859161936449004,0.05270007184974501,-0.01808050287371543,0.13012425561644103,0.06762523238653628,0.03511193482451658,0.027736806063695774
5y6y,0.07313093596127818,0.04452982834358998,0.036522937944686085,0.05053832274999692,-0.015136506442492426,0.12405353320461776,0.06593044523693425,0.03223329231624561,0.028413042678634426
5y7y,0.0712961934275631,0.059589652370553914,0.03433186215688022,0.045389657470098044,-0.007223116929815365,0.1184086316831594,0.0637681888026922,0.028916089160856195,0.02920856688245843
5y8y,0.06664879804342139,0.06774795633574993,0.03136906428722197,0.03880760149244056,-0.002063484857687037,0.11315787998686067,0.06252782727062467,0.024120303451614422,0.028630584974481454
5y9y,0.059109259565235384,0.06885864186090895,0.0275627660924056,0.030503820170382223,0.0003268982017705646,0.10824728634729341,0.06166149329766579,0.017463857308365416,0.026323765413365674
5y10y,0.04862995106712642,0.06283635077026961,0.0228698981222617,0.02030507513857982,-6.110848578666506e-05,0.10364431567621057,0.06084051507572852,0.008717385386482146,0.022074962489742944
5y11y,0.03594231641943235,0.051102048793210564,0.017583882979198773,0.008823379946693244,-0.0026516174569923834,0.0991248667013862,0.05990953258531295,-0.0015023613355689136,0.016170391558569808
5y12y,0.02397811559913343,0.03933234185082668,0.012929747018985971,-0.0012146841164852873,-0.005194491719463734,0.09388759725750129,0.05893742905747068,-0.010336435057045623,0.010154324438957918
5y13y,0.013396690572688108,0.0288053766870906,0.00917849505668622,-0.009220782690751328,-0.007177621925295696,0.08774378469225774,0.057875268870628105,-0.017177105702338658,0.004337308142680296
5y14y,0.004145179831283485,0.019420465241460683,0.006303116392494701,-0.015271208862053243,-0.008635051094804336,0.08069843490110307,0.056651172251291015,-0.02211460879911531,-0.0013488993839563257
5y15y,-0.0038151039906235695,0.011103833781152872,0.004283851032625741,-0.019421559477085903,-0.0095917168937385,0.07275512322745481,0.05521244970143879,-0.025214952505109522,-0.006954371653415947
5y16y,-0.010491424688540363,0.003775400153869235,0.002965379830525583,-0.021935270164072485,-0.010157467422371003,0.06425396605764622,0.05354641846827679,-0.026761507581755772,-0.012325718332821811
5y17y,-0.015820311714319857,-0.0027050430211126297,0.0017817240686428537,-0.02372033308423971,-0.010706424271036408,0.05652886043219896,0.0517287146227261,-0.02771560067421097,-0.016737889633547276
5y18y,-0.019797189516842728,-0.00839494246960637,0.0005841446304213349,-0.025022650946550762,-0.011340534430605675,0.04991653069873614,0.0497625425511421,-0.028339749632849465,-0.020022895102827398
5y19y,-0.02243483696985571,-0.013320628380927069,-0.0006377125598913125,-0.025867187677500958,-0.0120708343602427,0.04442557643556322,0.04763000332207756,-0.028662937363130414,-0.02219352531870511
5y20y,-0.023743387426856444,-0.017503066794312794,-0.0018921348836078433,-0.026273887851494315,-0.012906160222009522,0.040062947692316664,0.04531677941313905,-0.02870834600027683,-0.023259947927670055
5y21y,-0.02397179382836434,-0.021002750318266372,-0.0031465533645056443,-0.026342831930588506,-0.013811105187766515,0.03672340049538203,0.04290885327191418,-0.028556272679842287,-0.023431384136220146
5y22y,-0.024084156963029457,-0.024006846530497228,-0.004250286413133519,-0.026421039350831066,-0.014622288672531347,0.03397063343926665,0.04078462185010512,-0.02846672364724423,-0.023513820122447182
5y23y,-0.024335854274552204,-0.026571965312780055,-0.005167125554357943,-0.02660660990913888,-0.015300384703043068,0.0316936235904528,0.03903733704206225,-0.028516238261451665,-0.023721375859682148
5y24y,-0.024745226716529345,-0.028710020134731007,-0.005898616616010655,-0.026913509854180173,-0.015846994038307916,0.029889472761417846,0.037665892787927646,-0.028718911163856387,-0.02407013220623
5y25y,-0.025327688015293504,-0.03043097824518659,-0.00644605214801941,-0.027353481988589223,-0.016263456193022385,0.028555754363084773,0.03666935830883222,-0.02908658815454368,-0.02457360318781454
6y1y,0.9509057258800935,0.4003078585771571,0.042224856239927,0.05229020397861861,0.031454158238696905,0.1842438755255218,0.05674939150940439,0.022744539676992304,0.010025382271156236
6y2y,-0.2831054797631296,-0.07915322004461078,0.05788360721303465,0.05201334906781918,0.03445123561097496,0.144081692698385,0.06787745355488717,0.022263354962930304,0.01954260021637344
6y3y,0.0870913354117473,0.07386184219472369,0.04387317806509716,0.05192631904292577,0.06464780102500223,0.1274474305323976,0.06171367906381775,0.034504142207711475,0.027671323075555865
6y4y,0.07087307363346351,0.03708950283580048,0.039840798582557735,0.05768971364374842,0.03173744468540729,0.12092862291885242,0.0660417604224719,0.03281812713944454,0.026244868871382554
6y5y,0.04442651346503901,0.03868201243340952,0.03784100246322364,0.05409768636524781,0.025306650891049998,0.11548288256418338,0.06432471023575737,0.029822517666528547,0.027354740247773623
6y6y,0.04707005092507899,0.057226443116564774,0.035065069957690875,0.047497682936159524,0.02779841243358172,0.11032560589588658,0.062069700229337776,0.026354243093530627,0.02845923555737917
6y7y,0.04521961941498276,0.06688782039878749,0.03157427127796497,0.0396741867522592,0.0286920591783848,0.10547946478401227,0.06089478541745397,0.021239323149730982,0.027905732137561756
6y8y,0.03941628595557667,0.0682448586067137,0.027266534934955455,0.03022410960746269,0.02753679711576673,0.10091484883985458,0.06012428992952312,0.014110943776309615,0.025401166735918856
6y9y,0.029960718025418664,0.061621622200913606,0.0220851517634002,0.018923249634672956,0.02408235647248036,0.09661515226170159,0.059382892279386645,0.004765187588890107,0.020782785562718953
6y10y,0.017871243217126853,0.0488353628830831,0.016349009741916776,0.00643156747398832,0.0188184501083275,0.09234667473084568,0.058504573819562644,-0.00608131402560641,0.0144169752311325
6y11y,0.00646221261337665,0.036201744937765845,0.011384031715983234,-0.004301610370142761,0.014092581134239612,0.08724948915302155,0.0575718207678948,-0.015302216931759816,0.008013394403143526
6y12y,-0.003541339249793829,0.025058415753141716,0.007448985032076916,-0.012717639971126182,0.010336934006778709,0.08114686788271253,0.05653494792294467,-0.022299128307933014,0.001890037585157156
6y13y,-0.012201579292656639,0.015239815806612711,0.004485462626378611,-0.018964494518652675,0.007420121367918142,0.07406702324681902,0.055319791636559756,-0.027222437596340132,-0.00404531893910276
6y14y,-0.01956282916441765,0.006627757058772055,0.002451796438383891,-0.023147492630715583,0.0052483242645799955,0.06603000442892992,0.05387340180562905,-0.03017938951010324,-0.009858580688154817
6y15y,-0.025634389563943927,-0.0008908336955046892,0.001167564129093357,-0.025580388486592387,0.003655520956816538,0.05741044470103751,0.05218557168330751,-0.03149808579152635,-0.015394403210538421
6y16y,-0.030349896724120917,-0.007484664953336662,2.229336343262389e-05,-0.02724919794411207,0.0022089425314097966,0.049630240058787356,0.0503393142714712,-0.03221577356414951,-0.019890542412702494
6y17y,-0.03370602704386361,-0.01322811013808245,-0.0011422360002601994,-0.028420542453625686,0.000777804315250652,0.043034750951204126,0.04833921445163192,-0.03261192111506528,-0.023183333334343192
6y18y,-0.035717497270542964,-0.018158935951783306,-0.0023360641105529822,-0.029123226141459124,-0.0006663088741341028,0.03762106477049487,0.04616727460425718,-0.032715720859127106,-0.0252989742160179
6y19y,-0.03639583141997971,-0.02230685493582829,-0.003567121738114354,-0.029379961142296462,-0.0021458374384200063,0.03338695618102894,0.0438092877905234,-0.032550215030017426,-0.02625807965191207
6y20y,-0.036003035941908124,-0.02574133322890404,-0.004800511800331364,-0.029297048760805744,-0.0036340457916450575,0.030214231199811037,0.04135633992337073,-0.032198444592075326,-0.026288181084678452
6y21y,-0.035547833410912055,-0.028662834836448603,-0.005878043640045627,-0.029238303352000283,-0.004968478937405596,0.02764034044081254,0.03920488383140519,-0.031931194562103915,-0.02623850464413202
6y22y,-0.035289895307145436,-0.03113291409492769,-0.006762568322829621,-0.029304251481088173,-0.006116207048172839,0.025547570735165337,0.03744998326021065,-0.031825483889917905,-0.026331645436620477
6y23y,-0.03524080389735573,-0.033165625701218726,-0.007456496266793566,-0.029507206138003284,-0.0070858940786604485,0.023932198255097514,0.036087926376846546,-0.031893088412928705,-0.026582075120977766
6y24y,-0.03541021870103389,-0.03477264016767334,-0.007961829960520195,-0.029857439766185045,-0.007884754654807757,0.02279112802793004,0.035115618228250156,-0.03214382789285075,-0.027001859772013415
7y1y,-1.5171166854063536,-0.5586142986663853,0.0735423581861474,0.05173649415702419,0.03744831298325613,0.10391950987126064,0.0790055156003584,0.021782170248852317,0.029059818161586204
7y2y,-0.34481585982242446,-0.08936116599649901,0.044697338977684575,0.05174437657507047,0.08124462241814889,0.09904920803583384,0.06419582284102265,0.040383943473078165,0.036494293477749906
7y3y,-0.22247114378207478,-0.08398328241131958,0.03904611269677338,0.05948955019879154,0.03183187350097105,0.09982353871662664,0.06913921672683188,0.03617598962692625,0.03165136440479088
7y4y,-0.1821932896387235,-0.051724449102526826,0.03674503901904602,0.054549556961903,0.023769774054135606,0.09829263432384527,0.06621853991735005,0.031592012163913274,0.031687079741926194
7y5y,-0.1336970840659255,-0.011389839975551652,0.033633112701245915,0.04653917872767188,0.027067263272556374,0.09554195196995585,0.06313376197332943,0.027076183776840956,0.03214600621461994
7y6y,-0.10572806499587184,0.011317814035723295,0.02979917378430752,0.037571517214531,0.028231709335001298,0.0923520629937582,0.0615856844021323,0.02098845372851965,0.030885790448626604
7y7y,-0.09079649117649513,0.020807287182363687,0.025129631891391835,0.027071810411582575,0.026977174098203438,0.08901070217047202,0.06060641827525881,0.012877572933352788,0.02759770737373879
7y8y,-0.08515740795641324,0.01928584265388089,0.019567688703834296,0.014752380341680915,0.02316088125170168,0.08566156185372109,0.05971207987563609,0.002517768577877444,0.022127460974163515
7y9y,-0.0857992548565365,0.009782863361519567,0.013473915686583071,0.0013361634179194226,0.01741448253828537,0.08213587464254823,0.058699594076248474,-0.009284186659228144,0.014904930004461914
7y10y,-0.0879821387132953,-0.00020886642617146123,0.0082999492635909,-0.009960791805019298,0.012356423423795171,0.07755005051576935,0.05765406369374393,-0.01910689259263565,0.007812195616338613
7y11y,-0.09030925426160419,-0.009055169958132936,0.004287542194999494,-0.0186274439665568,0.008417186349331196,0.07177441264245599,0.05651545305145067,-0.026394007215654547,0.0011504607955186152
7y12y,-0.09246052139038508,-0.01684918775759936,0.0013405131585826346,-0.024902386060091874,0.005417284962019764,0.06488561889026001,0.055200658313824036,-0.03138635236911824,-0.0052178773732904915
7y13y,-0.09421425647553505,-0.02365532767341172,-0.0006076697001948794,-0.028950392369895717,0.003232490881955208,0.05693662972919067,0.0536521718284142,-0.03425046098603346,-0.011388116300409923
7y14y,-0.09538725495280254,-0.029547883143552056,-0.0017650995931088875,-0.031142573662678696,0.0016699040081111782,0.04835091392785862,0.05185958455287132,-0.03537255903927772,-0.017210102173518926
7y15y,-0.0957669382310673,-0.03467083318870401,-0.00279121082833389,-0.032551824738960455,0.0002592614842575891,0.04065599769433659,0.0499119757889428,-0.03587979444689271,-0.02188493739162789
7y16y,-0.0952442616016107,-0.03907410818278567,-0.0038526792652719966,-0.03346496410564237,-0.0011394678049634344,0.03420918066530798,0.04781357838552136,-0.03607169991456871,-0.02525887805968763
7y17y,-0.0937541574558729,-0.042774629747602155,-0.004957294719404537,-0.03391225144264087,-0.0025557481160647377,0.028996193549609917,0.04554479713925019,-0.0359780891259569,-0.027376877538793476
7y18y,-0.09124591793664916,-0.04578545013099422,-0.006111120514671553,-0.03391719253790315,-0.004012503864927908,0.02500601621744436,0.043090393139475935,-0.03562214584707446,-0.02827382753652863
7y19y,-0.08794560235359139,-0.04816497490290761,-0.007275531170870542,-0.033591114694459634,-0.00548079337219054,0.02210740781424625,0.040546179313580843,-0.03509018060623781,-0.02819942126130215
7y20y,-0.08487051137546153,-0.050111369507128245,-0.008283188634043537,-0.03331472871853025,-0.006789610796209544,0.019810163686576177,0.038327658447505186,-0.034664981274058704,-0.028051698989896234
7y21y,-0.08225159155415707,-0.05167771279359945,-0.009095302825817608,-0.03318970174107427,-0.007905272061832225,0.017990603840385422,0.036530963819774165,-0.03442405644072366,-0.028062932470323432
7y22y,-0.08006564615996847,-0.052868965895690234,-0.00971473956255342,-0.03322527023421262,-0.00883771463854055,0.01664530383371332,0.03514876887082252,-0.03437661696247085,-0.028246050456983696
7y23y,-0.07829352063934358,-0.053689183591361545,-0.010143859795322507,-0.033429076450743,-0.009595142171916926,0.01577144335412073,0.03417501938993883,-0.03453027865675695,-0.02861173986084653
8y1y,0.8274849657615082,0.37989196667339975,0.015852319769224632,0.051752258993117195,0.12504093185303145,0.09417890620042035,0.04938613008169135,0.058985716697288915,0.04392876879393137
8y2y,0.42485162703005486,0.15333222571621663,0.021797989952087704,0.0633660782196781,0.02902365375982674,0.09777555313931718,0.06420606729006018,0.04337289931595656,0.03294713752639433
8y3y,0.26278117561714254,0.11723883408542912,0.024479265963348373,0.0554872445635346,0.01921026107775825,0.09641700914137563,0.06195621468967616,0.03486195946893522,0.0325628336020376
8y4y,0.21215781626917973,0.1254162746971561,0.023655801330026316,0.04523984987033147,0.024472000844882213,0.09344756249463582,0.059165823566568854,0.028399687158834563,0.03291755322788115
8y5y,0.17654965908622522,0.12530423657614698,0.021050536903940875,0.03473852182603121,0.026388388605349533,0.09003857361826229,0.05810171816248566,0.020829710424449033,0.03125098490603673
8y6y,0.1469235411951466,0.11737755149049,0.01706084417559861,0.02296102978734238,0.02523198428402562,0.08652590088700784,0.057539902054403846,0.011393473380770569,0.027354022242432663
8y7y,0.11940820310786293,0.10184300569963423,0.011857021634933185,0.009468935510914989,0.02111981957576603,0.08305328356550579,0.05695587477209951,-0.00023428880369102956,0.02113712423310421
8y8y,0.09311542396218986,0.08083250861500968,0.005965360374140083,-0.004963877924469173,0.014910253732663747,0.07941292023896107,0.05616135388573351,-0.01316748127274181,0.013135568984823376
8y9y,0.07081058869704471,0.06183618160051818,0.0010507927166403253,-0.016816045800800872,0.009568435694965238,0.0746201105873825,0.05528168014856316,-0.023650121797247348,0.005451348666869471
8y10y,0.05237148885287102,0.04590074291269186,-0.002637939404115386,-0.025663837778913567,0.005514073685937149,0.06855990291957692,0.05426644679655812,-0.0312116249621055,-0.0016404749410838804
8y11y,0.037053675338338365,0.03240218596138167,-0.005223290934831093,-0.03186955698891891,0.002505373323724136,0.06133708334653343,0.05303658037868253,-0.03621985442529807,-0.008334031512824414
8y12y,0.024360945935366196,0.020924586576001936,-0.006786838690723052,-0.03567429958047175,0.00038117237351276145,0.053021389717353706,0.05153939318075196,-0.0389198469222749,-0.01475877750557597
8y13y,0.013976547389778382,0.011149533435126813,-0.007557980960743338,-0.037517886571886816,-0.0010822812976698515,0.0440764065475987,0.049771436010757064,-0.03976907667682683,-0.0207693268146798
8y14y,0.005758043710024197,0.002753700059701991,-0.008243608615080333,-0.038572418945817866,-0.0023970993371000837,0.036137175395986265,0.04783386580241178,-0.039998506210876084,-0.025523848502570168
8y15y,-0.00045276668129545783,-0.0044380954838780795,-0.009012348428698358,-0.03914506132315321,-0.0037119865241797,0.029561825384912144,0.0457341159045308,-0.039928624592131534,-0.02888012447443744
8y16y,-0.004793999458968301,-0.010534650440177984,-0.009863523026000687,-0.03926529804261891,-0.005056001934772958,0.024313486279508467,0.04345350223543054,-0.03958810533688384,-0.030904171020066595
8y17y,-0.007371166909021731,-0.015619047275973408,-0.010796619261778106,-0.03895564469642743,-0.0064513754442323545,0.020364046002514735,0.04097773887707046,-0.03899887032330618,-0.03164639493053434
8y18y,-0.00854720885066218,-0.019806679138270944,-0.011765413912926626,-0.038331537408430094,-0.007865743725269603,0.01756229103330198,0.0384095495198693,-0.03824975565374222,-0.031380490118126936
8y19y,-0.00948913379488836,-0.0233480574461149,-0.012589796361422545,-0.037791108869875245,-0.009117922574076065,0.015383355992646175,0.036186718597353895,-0.037635883985791097,-0.031057568313658024
8y20y,-0.010508336861547285,-0.02633088349996049,-0.013227185876415026,-0.03743601153597975,-0.010172951314088241,0.013694158538842593,0.034407236230743266,-0.03723436777520295,-0.030919070001918847
8y21y,-0.0116346442910924,-0.028785854811371525,-0.013679363264871514,-0.037271068538557994,-0.011041811191960793,0.01248938926049803,0.033060352359891354,-0.037050844924915616,-0.030974901343583383
8y22y,-0.012892467695388987,-0.030738041997043553,-0.013947778794479282,-0.03730023875109589,-0.011733481042606186,0.01176471305788751,0.03213726956219176,-0.03708993542519412,-0.03123317431641226
9y1y,0.022218288298617495,-0.07322751524096205,0.027743660134941672,0.07497989744622746,-0.06699362433337308,0.10137220007819625,0.07902600449842812,0.0277600819346433,0.021965506258849743
9y2y,-0.01957071945501898,-0.01408773220855597,0.028792739060404582,0.05735473734873242,-0.03370507430987324,0.09753606061184539,0.06824125699367212,0.022800080854754157,0.02687986600609582
9y3y,0.00704876643840624,0.04059104403840852,0.026256961850287475,0.043069046829396385,-0.009050976157835233,0.09320378125936801,0.062425721394856915,0.018204343979348003,0.029247148039208692
9y4y,0.013815832417407137,0.06165730405183645,0.02235009118761555,0.030485087534256827,0.0017252527934266126,0.08900349047271994,0.06028061518268135,0.011290708856239284,0.02808153893406473
9y5y,0.010811256281879622,0.06487466845391054,0.017302549056870564,0.017202783946183242,0.005270194770226944,0.08499529982432685,0.059170656448949366,0.001875024717466367,0.024039072932134697
9y6y,0.0013954093322574579,0.05550151220400945,0.011191138612551832,0.002421714930547214,0.0037996341962216462,0.08119901312635336,0.05821749888717154,-0.010104289720523685,0.017338516806302273
9y7y,-0.011794510580569018,0.0381097288923824,0.004552937603410134,-0.013066183198411796,-0.0008227002845293541,0.0773034936730348,0.057129243000597185,-0.02347508098274398,0.00873654044066674
9y8y,-0.023773708436012342,0.022079208466408318,-0.0007993981649343507,-0.025387083900042295,-0.00486562632479437,0.07217526113575246,0.05601862390692336,-0.03397960160906388,0.0006416711509857898
9y9y,-0.033752230803643535,0.008790606939282242,-0.004692412645597166,-0.03426562630914054,-0.007766688332629279,0.06571334699948173,0.05480870420932327,-0.04123355181314947,-0.006703724244975895
9y10y,-0.04198945370397755,-0.0023467921098205835,-0.007330852005236643,-0.040231738587126475,-0.009748182529205174,0.05805290106114369,0.05340162540838289,-0.0457404115375577,-0.013560311543500347
9y11y,-0.04865032859428009,-0.011708811614668413,-0.00884494400526381,-0.04362216854170953,-0.010951533033715322,0.0492797973098007,0.05173514437157589,-0.04782035270587137,-0.020094008987348033
9y12y,-0.0538158208078654,-0.019579002668060674,-0.009508839354907206,-0.04495706536897082,-0.01159254906022733,0.03990119824319427,0.04980354483817884,-0.04799864279133681,-0.02616083478206388
9y13y,-0.05745171952470418,-0.026256935833658623,-0.010097141567720458,-0.04552047109496771,-0.012200024813263877,0.03167242687256833,0.047714460857854135,-0.047612677203810794,-0.030866357525377808
9y14y,-0.05959117614149445,-0.03189024278082542,-0.010788396157123126,-0.04563772706003055,-0.012908623551122211,0.024946319612376477,0.045473257749021556,-0.04699393468423141,-0.03408075970789248
9y15y,-0.06027926380699977,-0.03656309158108417,-0.011577912545682967,-0.045333135178335926,-0.013729130853958438,0.019655791618113705,0.0430579937123472,-0.04615969347249438,-0.03589303367433372
9y16y,-0.059549675200929464,-0.04033848564780662,-0.012462177951215736,-0.044624888677025965,-0.014669644650312286,0.015750617240145592,0.040452214426780486,-0.04512290701209265,-0.036369842663313445
9y17y,-0.05772557206314133,-0.04331836418601398,-0.013389986482465366,-0.04363058425558153,-0.01568378346517063,0.013055431317589905,0.037763868310349835,-0.04396948932145062,-0.03581044652471865
9y18y,-0.055987694881354244,-0.04575028100830947,-0.014169913924236166,-0.04276574041782011,-0.016571192264472234,0.0110058254255474,0.035453417959336875,-0.04300375069040685,-0.03522347593074704
9y19y,-0.05461324752591956,-0.04771103350908401,-0.014757686173553886,-0.04213013103751084,-0.017289471480778307,0.00945811918823325,0.033618873396484616,-0.04229858274743936,-0.03485842993854327
9y20y,-0.05359062479372145,-0.04921974588561007,-0.015155947416577886,-0.04172223491514204,-0.017845948344209273,0.008404913413501358,0.03224406347380171,-0.041852673006025576,-0.034720084850457855
9y21y,-0.052910440717145235,-0.050291851933729426,-0.015366831107037404,-0.04154083388177243,-0.018246548323350265,0.007840227670147915,0.031315895251737835,-0.041664966478645926,-0.03481231446452249
10y1y,-0.06135972720867944,0.04505205082384478,0.02984181798586638,0.03972957725125825,-0.00041652428637073413,0.09369992114550518,0.057456509488923224,0.017840079774871676,0.03179422575334412
10y2y,-0.0005359944916998316,0.09750032367809425,0.025513612707956712,0.02711362152098884,0.019920347929931914,0.08911957184995933,0.05412557984308375,0.01342647500170413,0.032887968929370626
10y3y,0.011015013790341754,0.10661891048276839,0.020552234871842545,0.015653484230270465,0.024631545169029767,0.08488058727089287,0.05403215207744161,0.00580091783011083,0.03012021649245611
10y4y,0.007959498277691601,0.09940021437762692,0.0146922712873514,0.0027585055711778494,0.02333614954612706,0.08090107476085784,0.05420681943657879,-0.004596239586824424,0.024557464600452494
10y5y,-0.002769166461018102,0.08124731769300109,0.007880634308073065,-0.012089921572583151,0.017958285902135884,0.07716437573598056,0.054055797764919866,-0.017677164051553174,0.016413118915787894
10y6y,-0.017463310393767806,0.05666593624793759,0.0006878171814881373,-0.02774052997251708,0.010205787056944082,0.07329204260550748,0.053479782750960325,-0.0320142748023069,0.006531712804298095
10y7y,-0.03034399368381724,0.035694454710317736,-0.004876977922057657,-0.039725224092363565,0.004009801962143733,0.06800426985826036,0.052731855250995,-0.0427995564010204,-0.002404591007280299
10y8y,-0.04074854569142694,0.019042872211811,-0.008746921743164382,-0.04792131677856126,-0.0003633213325331397,0.061255990364642354,0.05178154167318283,-0.049857756031621125,-0.010287378057954655
10y9y,-0.049123647259821546,0.005528843793637606,-0.011228020020813245,-0.05303303147971894,-0.0033875778842968884,0.05323964561480521,0.05055447217615594,-0.0539071330344667,-0.01750762463265021
10y10y,-0.055737190283571714,-0.005556941252039316,-0.012503804419286668,-0.05548237514050003,-0.005347323903750478,0.04407055703296314,0.04900605835889049,-0.055378396169920574,-0.02429996051197003
10y11y,-0.06072801254481863,-0.014701865161435457,-0.01289543021762296,-0.05586042562489757,-0.006556087671760302,0.03431292534910413,0.0471469575963388,-0.054885799584607486,-0.030535956694875743
10y12y,-0.06409088684331454,-0.022342720883050227,-0.013250541709610708,-0.05556216847340023,-0.007633891519920777,0.02586411243876685,0.045105165554473636,-0.05389374046534812,-0.035269012840731584
10y13y,-0.06588421186765814,-0.02871045259158489,-0.013752400487281768,-0.05491600586820322,-0.008748238875564418,0.0190674057303879,0.04289227722983391,-0.052744243654915035,-0.03839201093610489
10y14y,-0.06617194610025834,-0.03394420417680788,-0.014386596308585187,-0.05392692322294668,-0.009924524176859517,0.013818905299535222,0.040488850084769545,-0.05143967743014777,-0.040025786526703744
10y15y,-0.06500087276756439,-0.03814588367492888,-0.015142567156960052,-0.05259854108524209,-0.011181379338108588,0.010042511717608171,0.037880628422006346,-0.04998177294187478,-0.040258865924792
10y16y,-0.06272206333574992,-0.04144904224508128,-0.015960839396054416,-0.051043739361943175,-0.0124769184109077,0.00753563327005069,0.03518498479859655,-0.048452587524955515,-0.03942144357369326
10y17y,-0.060588046833117026,-0.044133973112271185,-0.01663541828065962,-0.04969195440982288,-0.013605166848652761,0.005690156328332918,0.03289032463350772,-0.04716632908011542,-0.038587533706606614
10y18y,-0.0588816661828373,-0.04629345119064654,-0.01711887207958207,-0.048636243731051465,-0.014528129655634103,0.00435178136101344,0.03109625500193136,-0.04619073078533287,-0.038015315282843964
10y19y,-0.0575805675880563,-0.04795617907743299,-0.017413821498237114,-0.04786445240784554,-0.015259228555306592,0.0035118983258857206,0.029781856051450895,-0.04551650221342873,-0.037703537014105226
10y20y,-0.05666687716793373,-0.04914506876836855,-0.01752235566913618,-0.04736687044817245,-0.01580919452284979,0.003163629049745431,0.028930389789405098,-0.04513621889930963,-0.037651205500692786
11y1y,0.06028773822528688,0.14994859653233483,0.0211854074300446,0.014497665790709657,0.04025722014625188,0.08453922255441437,0.0507946501972425,0.009012870228532144,0.03398171210539891
11y2y,0.04720238428983947,0.13740234031222975,0.015907443314832737,0.0036154377197852305,0.037155579896730906,0.08047092033358938,0.05231997337168881,-0.00021866314227070305,0.029283211862027425
11y3y,0.031065906773145358,0.11751626889555311,0.009642422387843519,-0.009565184988848063,0.03125370749029255,0.07663479263264916,0.05312358941912887,-0.01207501270739364,0.022145210882827726
11y4y,0.011878473725898786,0.09029613441028861,0.0023903383886267893,-0.025044796278543835,0.022551988449267313,0.07303048938360246,0.05320561983392125,-0.02655647500816105,0.012567842206403501
11y5y,-0.008684027030785302,0.05898871333275668,-0.005142982979387201,-0.04123455141727428,0.012330249325608555,0.06921046689750932,0.05268443740336615,-0.04198514571774048,0.0014792102144944863
11y6y,-0.02517470476300776,0.03413485535806515,-0.01066344390671592,-0.052967690982966165,0.004747523003564069,0.06372166131038548,0.05194441287800711,-0.05290616243033641,-0.008104393800715926
11y7y,-0.037804091188960776,0.01532727526723665,-0.014259598847314203,-0.06044287306853624,-0.0003557209105560233,0.05662114311023636,0.050970831985221565,-0.059528875432549366,-0.016299035745282797
11y8y,-0.04759413726621364,0.0005884429148634851,-0.016361749771649947,-0.06462835757109131,-0.0037589595840401557,0.048182111173468156,0.04969171751206236,-0.062875534635634,-0.023670355930898612
11y9y,-0.055112463958558955,-0.01118016259380461,-0.017208873575415673,-0.06606148096180853,-0.00589519052790255,0.038556183242679065,0.04806711934444241,-0.06351378238601013,-0.03053264787478227
11y10y,-0.06066484107843184,-0.02067725675996268,-0.01716915503797023,-0.0654194259125136,-0.007170044010298859,0.02837422576946258,0.04611600240708125,-0.06215838752055447,-0.036768974939696
11y11y,-0.06433917408282674,-0.028469518310950015,-0.01716802895465319,-0.06422505444836801,-0.008290015813878782,0.01969722073815361,0.0439823161058861,-0.06041499685082208,-0.04136567089473653
11y12y,-0.06626125225590584,-0.0348573278762041,-0.017385252026710818,-0.06280313779482505,-0.009442548424664743,0.012848029445795106,0.041678591208243354,-0.05862627060739678,-0.04424086399355831
11y13y,-0.06654211678422506,-0.04002083917685706,-0.017788782023543392,-0.061131269413270406,-0.010655908783819168,0.007674211772923378,0.039183645515220356,-0.056768889522840205,-0.04555040285593881
11y14y,-0.06526095459320036,-0.04408859328198478,-0.01835573752430597,-0.05919340668070516,-0.01195029755608834,0.004066982472759495,0.03648235120293997,-0.054826190993070956,-0.04540551533037185
11y15y,-0.06281288574422295,-0.047215781783010335,-0.019014349888182513,-0.05709529380282241,-0.013280944685876594,0.0017913474116877381,0.03370021648590704,-0.05287209867827647,-0.044169154862161
11y16y,-0.06053981680964515,-0.04970809960827882,-0.01954024554731637,-0.05528080013864001,-0.014429457008795499,0.00018954602726006797,0.03135493808004419,-0.051229229633552364,-0.042986393672852063
11y17y,-0.058735897887199684,-0.05166671601502815,-0.01988126561284398,-0.0538342332005981,-0.015358224089120576,-0.0009039915674873278,0.029545651796813566,-0.04995724905357868,-0.04212175887320635
11y18y,-0.057370614275798815,-0.053123302960838004,-0.02003913480290964,-0.052730787388906464,-0.016083823236913375,-0.0014985473863151633,0.02824437530492574,-0.0490363123238895,-0.04156452383451814
11y19y,-0.05641988506052531,-0.054102811904800596,-0.020015206914136163,-0.051950894011300264,-0.01661933506161173,-0.0016014389552947428,0.027429015068379137,-0.048450760934792836,-0.041306228198273676
12y1y,0.03411703035440272,0.12485608409213356,0.010629479199612435,-0.00726679035116895,0.0340539396472046,0.07640261811275573,0.05384529654615555,-0.009450196513092202,0.024584711618651944
12y2y,0.01645499104707948,0.10130010507715426,0.003870929866746975,-0.021596610378632253,0.026751951162313325,0.0726825776717579,0.054288059030087155,-0.02261895417535653,0.016226960271543245
12y3y,-0.004257947773895765,0.07041198036960772,-0.0038746846251829226,-0.03822561696829885,0.016650244550275417,0.06919424499333227,0.05400927637948438,-0.03841292342039404,0.005429885573402071
12y4y,-0.025926968344800905,0.036248742532862366,-0.011725080581745706,-0.055167605719267154,0.005348506620447502,0.06537827798328188,0.053156884204900834,-0.05473464970431019,-0.006646415258236615
12y5y,-0.042267193360666866,0.010972107123206953,-0.017033214174066558,-0.0664607623377047,-0.0023544164249713617,0.05955814906158308,0.05217436541415843,-0.06528996896211359,-0.01652161498194271
12y6y,-0.054152729424666646,-0.007109611610282229,-0.02016709989353882,-0.07293296287841189,-0.0071245444200238595,0.051968129869542024,0.05100019561654978,-0.07095249970939799,-0.024679160387062193
12y7y,-0.06300583376499969,-0.020748721887634325,-0.02172562937188882,-0.07593207519420675,-0.010046985259794639,0.04298823811904562,0.0495341556998925,-0.07314530675908948,-0.03190636565037197
12y8y,-0.06953748923153924,-0.031321257484572484,-0.02200815870109718,-0.07613137430587313,-0.011664241862170854,0.03280830332871254,0.04772617798784129,-0.0725796139628283,-0.038596942872305195
12y9y,-0.07410401655662202,-0.03963568490355218,-0.02143077308997121,-0.07429910276842833,-0.012439740027692991,0.02213367057113702,0.04559615265261918,-0.0700663050482313,-0.04463016238915163
12y10y,-0.0768018653136382,-0.04631132979527752,-0.021003372593124237,-0.07209732647227574,-0.01314473940989247,0.013213020556528843,0.04330108269675126,-0.06735778355875954,-0.04890040919475247
12y11y,-0.07776570593601484,-0.05165786645879855,-0.02089167561368943,-0.06983048357532828,-0.013960709203837851,0.006330648254103899,0.040849858572881814,-0.06477528341066385,-0.051352007275281775
12y12y,-0.07711127136835039,-0.0558516254859569,-0.021036631144675466,-0.06743368068026845,-0.01489866952799046,0.0012687942077989067,0.03821606179171866,-0.06225070283545531,-0.052178079102716435
12y13y,-0.07491854634846806,-0.059014530960010525,-0.02139736405925574,-0.06486195071696832,-0.015966260456268255,-0.002123189841213513,0.03538140512645516,-0.05973688801011745,-0.05151222513312348
12y14y,-0.0716057874563294,-0.061298951662676515,-0.02188576112519791,-0.062209076630933335,-0.017105099316741867,-0.004119215098507434,0.03247918550652695,-0.05729245360019286,-0.049751359645560544
12y15y,-0.06859498714530776,-0.06301854601765244,-0.02225528907914187,-0.059932697867264295,-0.018075235485798036,-0.0054337657412169005,0.030058957272230735,-0.05524536962435889,-0.04811760072473659
12y16y,-0.06617487514423015,-0.06426767304923908,-0.022447932678024696,-0.05810497688755545,-0.01883418935383041,-0.00624419245010599,0.02821758939678709,-0.05364288150871177,-0.0468782258093694
12y17y,-0.06429169383468558,-0.06506870881337745,-0.022464107875435735,-0.05668540228182595,-0.019398002259451985,-0.006559592676945725,0.026917888546555524,-0.05245097012109179,-0.04600842006628003
12y18y,-0.06290364190973818,-0.06543900126241908,-0.022304129933257588,-0.0556424806669682,-0.019779143684269584,-0.006387031261389398,0.026130924227886432,-0.05164318488831121,-0.045488891548477906
13y1y,-0.0012070482602561938,0.0777441260621865,-0.0028876194661100474,-0.035926430406091114,0.01944996267741228,0.06896253723075363,0.054730821514000105,-0.03578771183762752,0.007869208924422999
13y2y,-0.023445436838052558,0.04318992850834924,-0.011126766537578714,-0.053705030276871124,0.007948397001809049,0.06559005843362331,0.0540912662961377,-0.05289428687404518,-0.0041475274492235314
13y3y,-0.045941634577868484,0.006712962013105006,-0.019176600508863384,-0.07113454417530862,-0.0042199710551411584,0.06170349794012364,0.05292741342447549,-0.0698294674347264,-0.017056790883862583
13y4y,-0.06136324928943537,-0.017498887119018924,-0.023948887517488027,-0.08125925533434275,-0.011456505443015352,0.05534703179878231,0.05175663263116004,-0.07924991207436705,-0.026798196632087823
13y5y,-0.0718066813804823,-0.03350275075076059,-0.026326415712168982,-0.0860661973838579,-0.015360241233469019,0.04708123222089289,0.05043117543063147,-0.08325296034866225,-0.034531934788205376
13y6y,-0.07919297778490275,-0.045016189550927344,-0.027118147467140474,-0.08737628933471386,-0.01739713941096266,0.037419174786757825,0.04881563222551488,-0.08376115846675569,-0.04132154519521114
13y7y,-0.08434527774381895,-0.05363230628124427,-0.026670678401199632,-0.08596917201368992,-0.018195410649225252,0.026580544073847134,0.04685201819379792,-0.08159810216993435,-0.0476228935138705
13y8y,-0.08763164742050211,-0.060197156028011456,-0.02543830462617014,-0.08267814182058508,-0.018251449987054524,0.015350052128433767,0.044565009665927136,-0.0776433186151273,-0.0532820216401273
13y9y,-0.0891261870545339,-0.06532993133832132,-0.024518133903427053,-0.07930071937462158,-0.018389037082904736,0.0061919541613901785,0.0421295033801492,-0.07379195989716836,-0.05706542261846259
13y10y,-0.08895397956505668,-0.06930926151389283,-0.02404379109501842,-0.07608685289774497,-0.01876217408894254,-0.000676548731762372,0.03955031477555426,-0.07030779210042093,-0.05894567916467519
13y11y,-0.08722293516133028,-0.07227959908396286,-0.02391536844870079,-0.07290339798291612,-0.01934890672573797,-0.005561553419926035,0.036795222268586336,-0.0670507488647627,-0.059156514622840994
13y12y,-0.08400484440704226,-0.0743370822143552,-0.0240662676641612,-0.0696615474141189,-0.020134610464892067,-0.00866700717071267,0.03384274750814775,-0.0639274456348713,-0.057853636529105135
13y13y,-0.07973831190331016,-0.07561856979766057,-0.02438693345787568,-0.0664354063447612,-0.0210404100062771,-0.010313202268605437,0.030835638503478258,-0.060972627222278586,-0.05546951897357477
13y14y,-0.07593155982385902,-0.07643816245406665,-0.024604201099051926,-0.06369454840412869,-0.021798747995299017,-0.011279221730787325,0.028359933038379026,-0.05851645341802003,-0.05331062303497758
13y15y,-0.07286100217747205,-0.07687592352532979,-0.02465309346986566,-0.06149418932331585,-0.022360064620566167,-0.011753979820964044,0.02650907558683091,-0.056589060508420275,-0.051642421637904334
13y16y,-0.07044223909650515,-0.07693900836997081,-0.02453245706762619,-0.059774065527492315,-0.02273874862861902,-0.011744730851303453,0.0252349255465818,-0.05513851847159179,-0.050420490796587725
13y17y,-0.06861074027821701,-0.07663282981268749,-0.02424140105872019,-0.058488109509073904,-0.022945795644945477,-0.01125701063633966,0.024500667032693713,-0.054125125380971806,-0.04961086820536709
14y1y,-0.04568382541584182,0.008635730954506649,-0.019365913609040497,-0.07148363014764625,-0.0035531686738004,0.06221757963648966,0.05345171107827795,-0.07000086191046861,-0.016164263822864733
14y2y,-0.0683089277366733,-0.028802620011434854,-0.027321091030246825,-0.08873860105990516,-0.016054937921418322,0.058073978294802986,0.0520257093797154,-0.08685034523327229,-0.029519790788013367
14y3y,-0.08141531629916354,-0.049246558179423694,-0.03096931020128002,-0.09637019697708604,-0.02175866148316352,0.05080852998812335,0.05076523633688179,-0.09373731215327519,-0.038353998484262686
14y4y,-0.0894565896605437,-0.06131446995400491,-0.03218611477368105,-0.0986011391283017,-0.024062792211195116,0.04161090596843153,0.04935626390978509,-0.09511927247642449,-0.04513222071636536
14y5y,-0.09479016368983118,-0.06956825267355171,-0.03196425306734696,-0.09766626112043975,-0.024766559828639068,0.03111050229796164,0.047632594367817305,-0.09335584779258088,-0.051159696019134504
14y6y,-0.09820164932441244,-0.07552837833848347,-0.030634521557043604,-0.09430962894828765,-0.024469639536996546,0.01951687854769757,0.04553888430710007,-0.0892331672253186,-0.056871577253583716
14y7y,-0.09997801872910905,-0.07990305346946958,-0.02865983107760739,-0.08935695773693864,-0.023637366081981526,0.007691125685244327,0.04311275083048738,-0.08362269101191089,-0.062017911720775754
14y8y,-0.10011607940381761,-0.08321418851338791,-0.027221948208091762,-0.08472250549568816,-0.023118912052944918,-0.0016543687222807524,0.04055433861341928,-0.07854249090460819,-0.06518225156132385
14y9y,-0.09870363859892262,-0.08564852680012347,-0.026394476831564706,-0.0805491220634833,-0.02300796706298147,-0.008414224949819804,0.03786359180461574,-0.07414335657406612,-0.06636955561901958
14y10y,-0.09582452385143725,-0.08728197159857931,-0.02601814334695951,-0.07660109474059729,-0.02322879366605113,-0.013013962484993646,0.03500166234404567,-0.07017705256747764,-0.0658590869775666
14y11y,-0.09153191678402273,-0.08816264660313289,-0.025991599318529346,-0.07272837623302886,-0.023733208023282604,-0.01572423847993587,0.03194383168943293,-0.06648560325280117,-0.06382844066124393
14y12y,-0.08628258387356436,-0.08839879445264875,-0.02617854295718791,-0.06897782100631833,-0.024414607729919435,-0.016919513893551397,0.028844373252600697,-0.06307137017099862,-0.06074774629840762
14y13y,-0.08167959917490464,-0.08829833849377922,-0.026274707378508788,-0.06583055748090016,-0.02497172573935469,-0.01745166472782822,0.02633140315564031,-0.06026481815497409,-0.05801676395493338
14y14y,-0.07797914174298803,-0.0879202127815808,-0.026207770184419665,-0.0633204578174027,-0.025346495141852277,-0.017519445324658323,0.02449323659203273,-0.05807487112776277,-0.055893252392356096
14y15y,-0.07505791848558818,-0.08725121733211605,-0.02597544624106063,-0.06136390786891788,-0.025551329382354826,-0.017125215390106918,0.023268532482084048,-0.05642857224719,-0.05430647077798767
14y16y,-0.07282347102933961,-0.08628138955486753,-0.025576012408258464,-0.059898214453010024,-0.02559553054009367,-0.016270732378032005,0.022611282377611452,-0.05527121372743116,-0.05320337302597844
15y1y,-0.09093403005750123,-0.06624097097738257,-0.03527626845143894,-0.10599357197217696,-0.02855670716903269,0.053930376953124526,0.05059970768114752,-0.10369982855605242,-0.04287531775314912
15y2y,-0.09928106174081641,-0.07818770274638442,-0.03677100849739223,-0.10881348039181793,-0.030861407887842418,0.04510400516395374,0.049421998966179714,-0.10560553727468402,-0.04944886581495078
15y3y,-0.10404751107543753,-0.0846312035901704,-0.036459515161891165,-0.10764030878852004,-0.030899333390322248,0.03474201474574401,0.0479911148536214,-0.1034920759984046,-0.05478820634752646
15y4y,-0.10706674825832696,-0.08911924858056164,-0.0351138379319238,-0.10421191886363346,-0.03006990761734407,0.02333373296333119,0.04617781519020436,-0.0991945942631034,-0.059908554068198505
15y5y,-0.10870521410612621,-0.0923612001970806,-0.03288824314664618,-0.09887482870841469,-0.028652933709640394,0.010976738329938618,0.043956318952862894,-0.09307962828828886,-0.06501303993973062
15y6y,-0.10902705094798293,-0.09465951754012991,-0.03020881732236802,-0.09233584566849062,-0.02698473231667675,-0.001396616639961934,0.04138959078918614,-0.08589299586214993,-0.06966018637043092
15y7y,-0.10789211568781276,-0.09633560558022669,-0.02834423886509785,-0.08661377340255294,-0.02591401824996309,-0.010778932773532368,0.03871185683272316,-0.07976272361805758,-0.07218482123824543
15y8y,-0.10533111524680816,-0.09743405901945046,-0.027273047234377845,-0.08168230855296521,-0.02543981686163077,-0.017243200523108015,0.035915076895407516,-0.07466116840701353,-0.07264521709353788
15y9y,-0.10139571256650193,-0.09793949410447933,-0.026757279984505722,-0.07716970191759254,-0.025414974220747233,-0.021373022720712953,0.03295165692913127,-0.07019662930714254,-0.07138073399475608
15y10y,-0.0961167259208402,-0.0978424843588952,-0.026654167889478275,-0.07285285084156934,-0.025751211958233267,-0.023518420291578135,0.02979304375054781,-0.06613407738703447,-0.06859485834508083
15y11y,-0.08997338009699263,-0.09722011494420935,-0.026797872897929897,-0.06875002017528864,-0.026311102189566338,-0.024113795123554604,0.026607342541177026,-0.062441416376501024,-0.06480079015982199
15y12y,-0.08467924698815832,-0.0963761776144696,-0.026850440192631497,-0.06535946809200377,-0.026756605494816732,-0.024090768424853026,0.0240713774954191,-0.05945348117534888,-0.06150447229927192
15y13y,-0.08046339684507586,-0.09534759306897245,-0.026734066844064763,-0.06269252148430748,-0.0270229048701629,-0.0236530626293614,0.022265661631550415,-0.05715748722140024,-0.05894932843616285
15y14y,-0.07715606799056918,-0.09410028506687418,-0.02644755571477697,-0.06064107056329471,-0.027122626575822206,-0.022792557892005405,0.021112591153785054,-0.05545912298552613,-0.05703091413192585
15y15y,-0.07463278073690471,-0.0926091975888248,-0.025990018994873187,-0.05912585340670162,-0.027065021331179828,-0.021503286512332798,0.02055525379756773,-0.05428923718189438,-0.05567264697285346
16y1y,-0.10762809342415114,-0.09013443451538983,-0.038265748543338196,-0.11163338881144469,-0.033166108606646816,0.036277633374780294,0.048244290251213684,-0.10751124599331074,-0.05602241387675999
16y2y,-0.11060425158441411,-0.09382631989657053,-0.03705113851711639,-0.1084636771966947,-0.03207064650096303,0.02514783364205253,0.04668681843986011,-0.10338819971956914,-0.06074465064472179
16y3y,-0.11244432099193524,-0.09674534111496058,-0.03505969442541512,-0.10361803449412665,-0.030574307766780162,0.013134851633400668,0.0447038510265525,-0.09769284949878898,-0.06558629950655304
16y4y,-0.11314801011827846,-0.09889125750200645,-0.03229123682044355,-0.09709514289248178,-0.028676990344790543,0.00023832867414341763,0.04229547177078974,-0.09042457822134597,-0.07054747048637822
16y5y,-0.11264565512607838,-0.10034322685268382,-0.029195327096550372,-0.08960430040775602,-0.02667033734620361,-0.012462015358582157,0.03954756741079546,-0.08233162932336668,-0.07501716009388515
16y6y,-0.1107184632928675,-0.10135137801403804,-0.027188900600707777,-0.08338380697428116,-0.025473570096787412,-0.021563817727977552,0.03673054835798695,-0.075773206128392,-0.07706973848576038
16y7y,-0.10738784170242166,-0.10189021445403501,-0.02612972991765483,-0.07820927092164753,-0.024994546817718177,-0.02741085444828295,0.03381727249744415,-0.0705127883857215,-0.07689805985645393
16y8y,-0.10270342288012824,-0.10190180949536742,-0.02569240642613968,-0.07356671816076865,-0.025022257602210107,-0.03078594767994436,0.03074565058512757,-0.06600872940102942,-0.0749439110249579
16y9y,-0.09669258101676625,-0.1013537636235089,-0.02569615671592551,-0.0691705484937235,-0.025439490268142517,-0.032123842207657294,0.02748119220270251,-0.061960105034919444,-0.07145258507751873
16y10y,-0.0898773151009431,-0.10031802934089251,-0.02595003334257817,-0.06502566499559936,-0.02608654169161717,-0.03191821233122494,0.024208106027177934,-0.058315575158544686,-0.0669933374004903
16y11y,-0.08411063034549127,-0.09911574185420458,-0.026084455805466478,-0.0616654586483536,-0.026592959888069867,-0.03118359982285379,0.021659711114897284,-0.05543108595891999,-0.06319803180346373
16y12y,-0.07959084407737382,-0.09777314490993794,-0.026022216710116286,-0.059084100610319545,-0.026895088011923196,-0.0301183492612358,0.019904491127417323,-0.05327895877684519,-0.06028882932641455
16y13y,-0.07609622475465105,-0.09624330922760382,-0.02576842396580159,-0.057152416608766465,-0.02701231268403692,-0.02869432211086309,0.018844351420911565,-0.05174829948010018,-0.05811980616106194
16y14y,-0.07346840578543468,-0.09449264234678623,-0.025326715462260285,-0.05577815922345364,-0.026958472342760498,-0.02689140533129608,0.01840922137731127,-0.050759909226597344,-0.05658674191711777
17y1y,-0.11358040974467887,-0.09751820527773969,-0.03583652849091301,-0.10529396558193538,-0.03097518439528768,0.014018033909332539,0.04512934662851009,-0.09926515344583198,-0.0654668874126818
17y2y,-0.11485243477582951,-0.1000507944147424,-0.03345666736645625,-0.09961035733545787,-0.029278407346855495,0.0015634607627115216,0.04293363141422546,-0.09278365125153076,-0.07036824232144712
17y3y,-0.11498798234965957,-0.10181019849754502,-0.030299732912814736,-0.09224906091948659,-0.027180617590838452,-0.011774772892736873,0.04031253227731568,-0.08472902229735979,-0.07538915602291052
17y4y,-0.11390004555156796,-0.10289542493700221,-0.026927721734855803,-0.08409702830682964,-0.025046394531096805,-0.024646927541919883,0.03737338670068979,-0.07603672515588666,-0.07976584664816144
17y5y,-0.11133653726661308,-0.103594766713762,-0.024973531012179917,-0.07773389060684543,-0.02393506239481491,-0.03313210794852228,0.03442779997934142,-0.06942559815540639,-0.08127920340756134
17y6y,-0.10734779974880304,-0.10384951111047247,-0.024107060146709047,-0.07263858460667993,-0.02363261985289533,-0.03802560241879149,0.03141276953848049,-0.06434637878445582,-0.08037733418639759
17y7y,-0.10199989851669855,-0.10358286306393216,-0.023896214695109608,-0.0681286223535289,-0.02385885031586099,-0.040366459259187915,0.028245844918544982,-0.060079798459272915,-0.07764698204612586
17y8y,-0.09532564196584303,-0.10275617976202156,-0.024124957737497565,-0.06386269345400919,-0.0244736629758302,-0.040674026655459716,0.0248858049466385,-0.05626621241512142,-0.07338135647761268
17y9y,-0.0879050063983664,-0.1014495398770574,-0.02458162054249402,-0.05984702901606065,-0.025299923145504888,-0.03949552852077698,0.021537418891174553,-0.052849389510238876,-0.06821232890312423
17y10y,-0.08175888403762599,-0.10001387258808458,-0.024866326531677307,-0.05666866563204387,-0.025935645016213815,-0.037929723142613225,0.019001253201266444,-0.05022306995548176,-0.06391559359613286
17y11y,-0.07704200322766752,-0.09846757312762389,-0.02490916836164092,-0.05430689259203314,-0.02632499523058529,-0.0361543476826891,0.017328145752526503,-0.048348750848077326,-0.060676685276381814
17y12y,-0.07346856903219479,-0.0967523821202887,-0.024726980251005948,-0.0526123355918755,-0.026499496357152097,-0.034108651734666706,0.016394356518386388,-0.047101387270666706,-0.05829458885142014
17y13y,-0.07084073750553532,-0.09482788910304674,-0.024331405225255454,-0.0514816031012999,-0.026480961860924523,-0.03175056215483796,0.016114216079319732,-0.04639442178300479,-0.05663015176637476
18y1y,-0.11612445980696684,-0.10258338355173358,-0.031076806241993493,-0.09392674908898391,-0.027581630298417092,-0.010891112383915713,0.04073791619993283,-0.08630214905723843,-0.07526959723021331
18y2y,-0.11569176865215347,-0.10395619510743881,-0.02753133512377115,-0.08572660858825731,-0.025283334188607398,-0.02467117629376392,0.037904125101719366,-0.07746095672311881,-0.0803502903280311
18y3y,-0.11400659082053544,-0.1046878314900912,-0.02395811948283999,-0.07703138254845854,-0.023070131243033032,-0.03753524802566943,0.03478806672475354,-0.06829391572589616,-0.08453216639333228
18y4y,-0.11077556914709152,-0.10511390707277357,-0.02225778164250225,-0.07084387186307106,-0.0221750318946925,-0.04491964341299215,0.031752413317052586,-0.061965709332799435,-0.08523228240628367
18y5y,-0.10610127774962841,-0.10511577227702018,-0.021761166477868965,-0.06610750841163338,-0.022164106944411177,-0.04843432968442074,0.028669454120477944,-0.057362623852182715,-0.083359423541145
18y6y,-0.10006981331203324,-0.1045936393616338,-0.02190616239581078,-0.06193439848212989,-0.022672794635956173,-0.04943054145394088,0.02543192796688576,-0.05354890596151263,-0.07967699781837023
18y7y,-0.09271781799743994,-0.10350446183120665,-0.022451876201300625,-0.057943940292876306,-0.02354487420161977,-0.0484871781647187,0.021993870420658368,-0.05012350655359299,-0.07451199491546046
18y8y,-0.08469558098007735,-0.10194095670197312,-0.02317475704894445,-0.054166161945323754,-0.02459051548928004,-0.04618472382454075,0.018588427924010276,-0.04704741901828946,-0.06855550908942964
18y9y,-0.07822315895906495,-0.10029116895590118,-0.023647415202875832,-0.05126585452649923,-0.025375696196314745,-0.04370169614838937,0.01609813170935226,-0.044773949567663784,-0.06374322761651818
18y10y,-0.07338816257596648,-0.09856250991261373,-0.023816432348716665,-0.049208185293043716,-0.025859976314113187,-0.041171585841893066,0.014548025664929298,-0.04325711058829995,-0.060197665062752925
18y11y,-0.06982203805833143,-0.0966827618332462,-0.023717021320106335,-0.04782309650186978,-0.026092615626412297,-0.03848380497502979,0.013782084690193486,-0.04235922670928627,-0.05764256170948867
18y12y,-0.06727909815227262,-0.0946036960884884,-0.023372644953118638,-0.04699723956124613,-0.02610644331639378,-0.035564611826852,0.01369628853355298,-0.0419885274777676,-0.05589375712918354
19y1y,-0.11525907749731967,-0.10532900666315026,-0.02398586400554792,-0.07752646808752806,-0.022985038078794595,-0.038451240203631665,0.035070334003512116,-0.06861976438900763,-0.08543098342583688
19y2y,-0.11294765632730286,-0.10574005545926335,-0.020398776103258465,-0.0685836992782054,-0.02081438171533989,-0.05085731584655373,0.031813141987158566,-0.0592897990602399,-0.08916345097488065
19y3y,-0.10899260559379442,-0.10595741491311417,-0.019318106775998656,-0.06314957945444144,-0.020372832426784004,-0.056262487089345115,0.028757245689422284,-0.053853562757995466,-0.08855317746496505
19y4y,-0.10359548223528936,-0.1057488694583415,-0.019432256536836556,-0.059152698242291635,-0.020809726105917026,-0.05782013400954211,0.02565233860061067,-0.05012774255091923,-0.08538188011887593
19y5y,-0.09685888401304155,-0.10499569052360869,-0.020072033626575836,-0.055535928360753495,-0.02169102750346852,-0.057138427267948266,0.022370730320270482,-0.0469982573423704,-0.08055847793599913
19y6y,-0.08881671102918265,-0.10365797487778305,-0.02101438786118215,-0.05194680549352304,-0.02287208151882192,-0.05475318912818783,0.018869862790779734,-0.044093732802986896,-0.07438572786300002
19y7y,-0.08020574114765866,-0.10184918143772004,-0.02204589287850589,-0.04848607806765992,-0.024163213373692205,-0.051226668316060486,0.015424215313162293,-0.04143960044129624,-0.06759635364074734
19y8y,-0.07348549635307577,-0.10000464213142024,-0.022718741322984126,-0.04593324270619048,-0.025099954433553062,-0.047803019118949575,0.013018158648026912,-0.039582924631468064,-0.062302431414805515
19y9y,-0.0686396851058535,-0.09811574617493202,-0.02300972413835023,-0.044239455982383546,-0.025668681426968654,-0.044536082892778994,0.011638037827705894,-0.038474328536198144,-0.05852300593303594
19y10y,-0.06519179588346757,-0.09609269966139733,-0.022981042827918685,-0.043212731243158053,-0.025943714159212927,-0.04124307423414231,0.01108650153921964,-0.037964934474493006,-0.05587985815741625
19y11y,-0.06283861072911723,-0.09387826995546655,-0.022672266654129247,-0.0427309205132711,-0.025972335408936953,-0.03780765723075752,0.011237958745700105,-0.03796001642509017,-0.05413231711999833
20y1y,-0.11063623515729848,-0.10615110425539243,-0.016811688200985664,-0.05964093046888097,-0.018643725351868756,-0.06326339148945892,0.028555949970811234,-0.04995983373146462,-0.09289591852393775
20y2y,-0.10585936964203668,-0.10627161903810167,-0.016984228161226023,-0.055961135137884366,-0.019066729600779375,-0.06516811053221172,0.02560070153238403,-0.04647046194247961,-0.09011427448453668
20y3y,-0.09970761714794474,-0.10588882372340613,-0.017914387380602026,-0.05302810829387328,-0.02008462211495221,-0.06427643194485766,0.022513006799650626,-0.04396373527155406,-0.08536551234989043
20y4y,-0.09225883564197357,-0.10491236148872396,-0.019093576031832482,-0.0500382934290613,-0.021367524859631448,-0.061810224034031025,0.019195829399468067,-0.04159288058070665,-0.07934035156354025
20y5y,-0.08352823773555818,-0.10332376852071112,-0.02042009263230904,-0.04683087297472088,-0.022849490206823475,-0.058013578913095554,0.015629768548236278,-0.03918852648577742,-0.07217667675043282
20y6y,-0.0743635184227176,-0.10126921056681626,-0.021722564357333773,-0.0436460130643459,-0.02435957592283744,-0.053355906334799696,0.012149862198106653,-0.036909573116678196,-0.0646239153432342
20y7y,-0.06751784190390042,-0.09924401862688814,-0.02253772379690311,-0.04141992479456791,-0.025402085341371006,-0.04913898753542112,0.009867847882961023,-0.035434804666107045,-0.058998352556086875
20y8y,-0.06281226105692017,-0.09721408861390612,-0.022887706654951767,-0.04007857946923865,-0.02600413684549041,-0.04529668822892363,0.008709000805731115,-0.034706149054593904,-0.05515950874643494
20y9y,-0.059628764593037786,-0.09506644332787006,-0.022869396030404276,-0.03940009381600662,-0.026272455945925532,-0.04155327801531028,0.008421631265409957,-0.03455884226176886,-0.05259639979425712
20y10y,-0.05759656405229485,-0.09273319628469778,-0.02254090691898547,-0.03925136575584309,-0.02627106514194999,-0.037743298933469616,0.008854721219920592,-0.03489404162869825,-0.051002450489413764
21y1y,-0.101082504126774,-0.10639213382082335,-0.017156768121457278,-0.052281339806897975,-0.019489733849705093,-0.06707282957495897,0.022645453093945278,-0.04298109015350704,-0.08733263044513606
21y2y,-0.09424330814327142,-0.10575768345742054,-0.01846573697041065,-0.04972169720638275,-0.02080507049649416,-0.06478295217254115,0.019491535214062772,-0.04096568604160078,-0.08160030926286943
21y3y,-0.08613303580353593,-0.10449944723317017,-0.019854205308784234,-0.04683741441579281,-0.02227545802888642,-0.06132583488221455,0.016075789209013536,-0.03880389619712332,-0.0748218292434113
21y4y,-0.0767512383801261,-0.10261693458703958,-0.021322193740141326,-0.043628358601190076,-0.023900931420563154,-0.05670112576900199,0.012398223192584545,-0.03649569967436417,-0.0669968663070577
21y5y,-0.0671089750758016,-0.10029283182910476,-0.02270473958860264,-0.040447029583443594,-0.025502746037034285,-0.051374409303864166,0.008868644643563073,-0.03429952099372313,-0.058969514707091886
21y6y,-0.06033144302833371,-0.09809283768880395,-0.023492063062889867,-0.0383830905155218,-0.026528478672956712,-0.04678492020974434,0.006753164201646733,-0.03301396648854871,-0.053348758228112025
21y7y,-0.055980264756867903,-0.09593737209369291,-0.023755709291235716,-0.03728395789786543,-0.02705562420172347,-0.04273001633455964,0.005873722353574529,-0.03252705124361466,-0.04976859306393644
21y8y,-0.05325283077250775,-0.09368086071193016,-0.023626609509083574,-0.03686998923439777,-0.027226047270181297,-0.03883951383103956,0.005904841427234686,-0.03263371832805939,-0.047558959953049484
21y9y,-0.0517032672628539,-0.09124231762128865,-0.0231774867765433,-0.03698585856550851,-0.027118547340847066,-0.03490773309391426,0.0066656958031527935,-0.03322006472839112,-0.046347620707801074
22y1y,-0.08740411215976795,-0.10512323309399285,-0.019774705819352034,-0.04716205460586664,-0.022120407143292553,-0.06249307477013755,0.016337617334183818,-0.03895028192968386,-0.07586798808058992
22y2y,-0.07865830164191667,-0.10355310393934225,-0.021202923902439164,-0.04411545172023379,-0.02366832011848441,-0.05845233753585122,0.012790957266557434,-0.03671529921893635,-0.06856642864253848
22y3y,-0.06864081646456865,-0.10135853484245017,-0.022710668946366308,-0.04074403153261086,-0.025371330610853615,-0.053243891167018775,0.00898247989213452,-0.03433390284798543,-0.06021827826102877
22y4y,-0.058615592813058726,-0.09876800633117533,-0.024091732455385095,-0.037488452027572894,-0.02700599908386936,-0.04744980423609535,0.005424442530969742,-0.03212912870377593,-0.051878735772580065
22y5y,-0.0521812308086429,-0.09643297846240406,-0.024759122051175586,-0.03560344065724008,-0.02793622763760828,-0.04272733833670772,0.003574706423191465,-0.031020541755555797,-0.04655198378470837
22y6y,-0.04846322486188148,-0.09419491180584005,-0.024855532819529236,-0.034784394246356154,-0.028316605927063865,-0.0386728807944936,0.003078433896849475,-0.03078471142529926,-0.04350792016706695
22y7y,-0.04642002029332559,-0.09186496455351856,-0.024550872564454096,-0.03466836772403736,-0.028331234901681768,-0.03480618301048155,0.0035133254748478393,-0.031155522352995124,-0.04187700702560404
22y8y,-0.045530862654860726,-0.08934859059634848,-0.023930076608424944,-0.03507392341033322,-0.02807214902724331,-0.03088709603378459,0.004668226141805398,-0.03199993655025146,-0.04122449449063259
23y1y,-0.06991249112407294,-0.1019829747846921,-0.022631141985524073,-0.041068848834600935,-0.025216233093667828,-0.054411600301544905,0.00924429719892128,-0.03448031650818306,-0.061264869204497696
23y2y,-0.05925916861696612,-0.09947618571667505,-0.024178650509871114,-0.0375350199959934,-0.026996792344633036,-0.04861929936545484,0.005304911171106319,-0.03202571330712134,-0.05239342335125263
23y3y,-0.04901941969749091,-0.09664959741022905,-0.025530741334063745,-0.03426391783481586,-0.02863452973072622,-0.04243538072474773,0.0017867175965635695,-0.029855410961797002,-0.04388231833657796
23y4y,-0.04337551047086041,-0.09426041480450342,-0.026005226109133694,-0.03271378717008755,-0.029390182761186434,-0.03778590422834727,0.00038397869544404273,-0.029038106712018674,-0.03922298271073821
23y5y,-0.04067504740230454,-0.09200924754820328,-0.025871698219564365,-0.03230886217445805,-0.029555845683815196,-0.03390884199936628,0.00042659720937887613,-0.02915159732442163,-0.03703590658435951
23y6y,-0.03958933831558564,-0.08965525313010492,-0.025346900355305957,-0.032586086577069295,-0.02936637286140975,-0.03019170105054103,0.0013759434982905105,-0.02985639575687493,-0.036211843516442244
23y7y,-0.039548969868445916,-0.0870950702395401,-0.024523701006865295,-0.03334704752525841,-0.028922397867804595,-0.026371956214306547,0.0030011702571792753,-0.031007030067471852,-0.03627542397778383
24y1y,-0.04860584610988106,-0.09696939664866644,-0.025726159034222817,-0.034001191157368105,-0.028777351595588918,-0.04282699842936921,0.001365525143309121,-0.029571110106066723,-0.04352197749801734
24y2y,-0.03857288398420122,-0.09398290872299864,-0.026980541008333914,-0.030861452334915995,-0.030343678049248535,-0.03644727093634548,-0.0019420722046161742,-0.027542958188617295,-0.03519104290261499
24y3y,-0.03452985025313149,-0.0916862281444426,-0.027129920817005715,-0.029928766615242353,-0.030781499317030114,-0.0322440055372788,-0.0025694608057156287,-0.02722403677996521,-0.03187568721281275
24y4y,-0.033365686471865885,-0.08951581573908518,-0.026681837278072607,-0.030118865509416004,-0.030640748831352482,-0.028783152423818015,-0.0017778277880076132,-0.027819417528478496,-0.030978665929327853
24y5y,-0.03352470775389049,-0.08718970879918864,-0.0258900520292622,-0.03088953412555906,-0.030196400814961333,-0.025347721200335016,-0.00019772724183386714,-0.02893161160661739,-0.031201238378832485
24y6y,-0.034488382992508004,-0.08461375281534478,-0.024839127510421388,-0.0320600806403637,-0.02954009199682961,-0.021698682199764896,0.0019606491002237547,-0.030428148994023463,-0.032110516439998626
25y1y,-0.02853992185852805,-0.09099642079732462,-0.028234922982462107,-0.02772171351247099,-0.031910004502920586,-0.030067543443321743,-0.005249669552553904,-0.025514806271167867,-0.02686010830722152
25y2y,-0.027491852324752042,-0.08904464389233002,-0.02783180170839561,-0.027892554344189247,-0.03178357317774472,-0.026952509091239696,-0.004536953780231556,-0.02605050011691601,-0.026052542070218454
25y3y,-0.0282856332591912,-0.08703128876922328,-0.027000396692689943,-0.02882475696010367,-0.03126188124326612,-0.02410187042196621,-0.0028256120984417876,-0.02723552000262419,-0.026797562073106906
25y4y,-0.02975442316489474,-0.08474478683681985,-0.02593102527802227,-0.03011161986761257,-0.030551163119795444,-0.02097790189307802,-0.0005885403381169496,-0.028771736981759055,-0.028121053599036827
25y5y,-0.0316648903690373,-0.08214262404868444,-0.024661721205661458,-0.031671858536969744,-0.02969264007707384,-0.017473018953842123,0.0020796738916057933,-0.030599556771611525,-0.029828224228394706
26y1y,-0.02644378279096138,-0.08709286698734164,-0.027428680434333108,-0.028063395175900396,-0.03165714185256663,-0.023837474739159648,-0.0038242380079047678,-0.02658619396266726,-0.02524497583321006
26y2y,-0.02815848895953188,-0.08504872275517661,-0.02638313354781263,-0.029376278683910684,-0.03093781961344355,-0.021119033911286778,-0.0016135833713821768,-0.028095876868351244,-0.026766288956050044
26y3y,-0.030159256933685707,-0.08266090884998167,-0.025163059376541508,-0.030908255319321398,-0.030098215992095945,-0.017948021376332113,0.0009651694000227806,-0.029857380551954193,-0.02854136869630519
26y4y,-0.03244613249666317,-0.07992917486152207,-0.023768420761464792,-0.03265939479308688,-0.02913829897061815,-0.014324387831472274,0.003912009752642831,-0.03187074439672477,-0.030570253208689113
27y1y,-0.029873195128084618,-0.08300457852300491,-0.025337586661269063,-0.030689162191934738,-0.030218497374331132,-0.01840059308342501,0.0005970712651235388,-0.02960555977401702,-0.028287602078869156
27y2y,-0.032016994005038324,-0.08044492978130435,-0.024030248847647595,-0.03233068539104167,-0.02931875306186038,-0.01500329469491768,0.0033598731039852225,-0.031492973846593664,-0.03018956512784854
27y3y,-0.03444691573189074,-0.0775412774862545,-0.02254833420384661,-0.03419139466549215,-0.028298684676632657,-0.011153358862248997,0.006490759006161362,-0.03363226120807328,-0.03234534566718006
28y1y,-0.034160792881980484,-0.07788528103959935,-0.022722911034037452,-0.033972208590125064,-0.028419008749398955,-0.011605996306395028,0.006122674942846018,-0.03338038791917031,-0.032091528176840356
28y2y,-0.03673377603379269,-0.07480962696786442,-0.021153707975128055,-0.035942510902261304,-0.027338778327791857,-0.007529741751658214,0.009437602876671392,-0.03564561192510629,-0.03437421746134195
29y1y,-0.03930675918562487,-0.07173397289614591,-0.019584504916219547,-0.03791281321440776,-0.02625854790616522,-0.003453487196917626,0.012752530810510088,-0.03791083593104094,-0.03665690674582178
