point,t1,t2,aud,cad,chf,eur,gbp,jpy,nzd,sek,usd
1y1y,1,2,4.0240149657177335,4.078160528364724,0.9661159543448847,2.7085248049244224,4.078868473986459,0.3774114662575624,4.718032445185949,2.8374615740232483,4.002068436518494
1y2y,1,3,3.9788829376819095,3.847139279396293,1.0025151303191047,2.6110613810422647,3.9139943206672303,0.45597070751735846,4.4963096382265,2.701834777091452,3.858400191894336
1y3y,1,4,4.001311982100523,3.701826499029521,1.0441491381384718,2.572993530452013,3.80080198551752,0.5278015216958776,4.411216915228941,2.6279599418760107,3.7995349918458468
1y4y,1,5,4.0655789626264305,3.6487824647291465,1.0722750925153164,2.559787230675886,3.7243487405548836,0.6042570877129563,4.39539443390561,2.5996298424866304,3.772547547323954
1y5y,1,6,4.142001137101491,3.640421458781918,1.1094349284714995,2.563409874258582,3.6796075661491616,0.6825069411463549,4.416496593705615,2.596563694287406,3.7690172051412794
1y6y,1,7,4.218992266082763,3.653624518350652,1.1453081047452909,2.5746333360535485,3.6599774068898814,0.7632222072405003,4.4496586912368565,2.607642019351415,3.771330443005775
1y7y,1,8,4.289836519069238,3.67404118873471,1.1800177817865636,2.5904564315368326,3.6576370997826078,0.8382857932331798,4.487890902106381,2.624577618406916,3.777253400708286
1y8y,1,9,4.349454402776845,3.700512421685001,1.210084928391877,2.6088220646414904,3.6692797233550847,0.9047688733561238,4.525732635664224,2.641934454142611,3.785990234638253
1y9y,1,10,4.397686728411896,3.7170899959236863,1.2434059053802906,2.630121145166988,3.6871956921547815,0.9684063230605061,4.55900826786086,2.6602893748689365,3.795844157979342
1y10y,1,11,4.439381938910477,3.737466396446626,1.2706589814620375,2.65055369677286,3.706982324728854,1.0280594792499025,4.590143443447409,2.6791670134727754,3.8075373946785134
1y11y,1,12,4.475688105982141,3.763802860567987,1.290292854998733,2.6683916672849506,3.7273169124128875,1.0835522481962152,4.620001976886898,2.6973257685260927,3.820475857249871
1y12y,1,13,4.506428984006213,3.792756208240824,1.3041201037941994,2.6826531989431595,3.747211145669698,1.1355451017834783,4.648435766868199,2.713362905188598,3.833425074681123
1y13y,1,14,4.53135911140141,3.8209415681900936,1.3138273982184616,2.6922317759194216,3.7655486489399843,1.1846817686168485,4.675140388771204,2.72576495743778,3.8450428215892325
1y14y,1,15,4.5501884616838515,3.8449480285845645,1.3210205036389682,2.6959406067004137,3.7811308501312695,1.2315950099031148,4.699710969063004,2.732947259873271,3.8539176463675107
1y15y,1,16,4.562719163714279,3.862031262516287,1.3269713060732764,2.6929631691101514,3.7930392449081896,1.2766651578866528,4.7218326248581315,2.733739803440836,3.8588883982850186
1y16y,1,17,4.569216740983379,3.8721480683045026,1.3318035044415548,2.6841287804204494,3.8016464093231916,1.3192955586224746,4.741767223320869,2.728774235761449,3.859938717432708
1y17y,1,18,4.5700450479310035,3.8758792672155082,1.3353553904304192,2.6706334820166813,3.8076083088533808,1.3586598846875384,4.759889433546527,2.7190872590363315,3.8573044192451564
1y18y,1,19,4.565549990964851,3.873757703614626,1.3374632928865442,2.653629135272914,3.811541429107278,1.3939446765629815,4.776540950651138,2.705671126744286,3.8511872596543517
1y19y,1,20,4.556064230323824,3.8662808480514976,1.3379620810097448,2.634235241548442,3.8140331859283774,1.424345938138262,4.792039167975621,2.6894854111039557,3.8417638878534963
1y20y,1,21,4.542033499071278,3.8539951238799226,1.3367525537295815,2.613441314358591,3.815545914603373,1.4493298759973552,4.806579322743115,2.671401616933135,3.8292870930968483
1y21y,1,22,4.524385834163521,3.837727375956932,1.3340015999192374,2.5917968914386043,3.8161140445114303,1.4694156560206557,4.819928964980374,2.6520193114126203,3.81437352792586
1y22y,1,23,4.504161126002504,3.8183611998441522,1.3299395169756822,2.5697361122448017,3.815660461480346,1.4853773197043232,4.831745643729299,2.631862900245167,3.797719615296592
1y23y,1,24,4.482390111961365,3.796765372787223,1.3247934910560537,2.547686152534909,3.8141020192610777,1.4979812627165163,4.841682585938711,2.611448050948829,3.78000953154187
1y24y,1,25,4.4600963622665395,3.7737970802904752,1.3187882558866395,2.5260687144134786,3.8113507885399085,1.5079878565381741,4.849389588494798,2.5912835381389163,3.761917796269635
1y25y,1,26,4.438113027275104,3.750180551933661,1.3121316443936017,2.5052019115337125,3.80737251667126,1.5160921843092385,4.85465900730805,2.571762348522066,3.743989637541404
1y26y,1,27,4.416531834804198,3.7261388465992598,1.3049702980982487,2.4850044982079647,3.8023592259633414,1.5227442222962442,4.857860495884985,2.55283313409766,3.72627909533512
1y27y,1,28,4.3952613596156125,3.7017686881020446,1.2974350731551392,2.465295876045878,3.7965562536921995,1.5283321771731144,4.859502874986711,2.5343338053929316,3.7087170594029035
1y28y,1,29,4.374211976386984,3.677165047012769,1.289656184778846,2.445895598906559,3.790205345125747,1.5332433933133156,4.860089523784046,2.5161021936756964,3.6912334661896695
1y29y,1,30,4.353295546912801,3.6524214509774757,1.2817633225186098,2.4266233371282664,3.783545283061026,1.5378645065969443,4.8601193287283895,2.497976060484986,3.673757461046132
2y1y,2,3,3.933750909646071,3.616118030427853,1.038914306293328,2.5135979571601057,3.749120167348026,0.5345299487771616,4.274586831267061,2.5662079801596613,3.7147319472701716
2y2y,2,4,3.989960490291907,3.5136594843619156,1.0831657300352617,2.5052278932158005,3.661768741283053,0.6029965494150336,4.257809150250436,2.5232091258024,3.6982682695095233
2y3y,2,5,4.079433628262659,3.5056564435172852,1.107661471905467,2.5102080392597084,3.6061754960776953,0.6798722948647588,4.28784843014549,2.5203525986410886,3.696040584259104
2y4y,2,6,4.171497679947424,3.5309866913862176,1.1452646720031534,2.52713114159212,3.5797923391898396,0.7587808098685564,4.341112630835531,2.536339224353449,3.7107543972969754
2y5y,2,7,4.257987726155767,3.568717316347837,1.1811465348253736,2.5478550422793718,3.576199193470568,0.8403843554370914,4.395983940447036,2.5616781084170515,3.7251828443032298
2y6y,2,8,4.334140111294487,3.6066879654630393,1.2156680863601756,2.5707783693055686,3.5874318707486337,0.9150981810624493,4.449533978259785,2.5890969591375272,3.73978422807325
2y7y,2,9,4.3959457509281465,3.646562692159326,1.2449376389700193,2.594578816029641,3.6107670446934623,0.980105645798777,4.498261234303976,2.6140020084453774,3.7551219200839316
2y8y,2,10,4.444395698748666,3.671956179368554,1.2780671492597175,2.6203206876973075,3.6382365944258233,1.0422806801608728,4.5391302456952225,2.6381428499746473,3.7700661231619486
2y9y,2,11,4.4855338248207826,3.6996114929001704,1.304497095586167,2.6441124625337973,3.665661641478009,1.1003537029157193,4.575933554365347,2.6615787289671675,3.7859228344740705
2y10y,2,12,4.520855420008582,3.732367093788312,1.3227105450641186,2.6643783535210037,3.692161756255531,1.154166326390082,4.61019893005699,2.683312187976379,3.8023165993230092
2y11y,2,13,4.550284803850619,3.766810360956833,1.3348477537441379,2.6803012347630437,3.717060479459084,1.2044663413767438,4.642108796112039,2.702081208021811,3.818093859968635
2y12y,2,14,4.573637790208383,3.799506654842206,1.342803351874594,2.6908740235023387,3.7394386635194445,1.2519542938134562,4.671566050736641,2.716456906055659,3.8319573536784604
2y13y,2,15,4.590663345988936,3.827008605524552,1.3483208535846676,2.694972591452412,3.7582279559885627,1.297301436337388,4.698301624745853,2.72490769724635,3.8425214317405114
2y14y,2,16,4.601198034999746,3.8465934578128267,1.3527466883395904,2.6918516236948467,3.772622871402599,1.340897564431588,4.722104066263285,2.7263311055420925,3.8486612526969126
2y15y,2,17,4.605563526001087,3.8584139043004866,1.3561826744479997,2.6825023787868516,3.783164938345641,1.3820878314468024,4.743349541863197,2.7215284132106623,3.850463402826989
2y16y,2,18,4.6041719280693325,3.863236688393682,1.3584328551857654,2.668265274334948,3.7906545485325642,1.4199879108394118,4.762505495319063,2.7116888643496493,3.8482566681655728
2y17y,2,19,4.597404992449976,3.8617340080410916,1.3593072539772302,2.65039997823459,3.795816308820268,1.4537407477574178,4.779982627443208,2.6979187474925834,3.842311896309402
2y18y,2,20,4.585622522801939,3.8545097547007625,1.3586201991577933,2.63010804358311,3.799320114369595,1.4825089643538574,4.796150652575048,2.6812645131639954,3.8328580795943297
2y19y,2,21,4.569297632405673,3.842196944696511,1.3562597431708816,2.608436920118284,3.8016868325305797,1.505746634404714,4.811239684719808,2.6626616191915504,3.820193338179919
2y20y,2,22,4.549404377585811,3.8257057183365424,1.3523958821979556,2.585960495764313,3.8029763230376794,1.5240158655088112,4.825023790970094,2.642747198282089,3.8049887824962285
2y21y,2,23,4.5270252288732085,3.8059898032479342,1.3472644485295302,2.5631271268791047,3.803126746599103,1.5381375984398835,4.837160557945648,2.622072487208115,3.787988719047929
2y22y,2,24,4.50322534588153,3.783974683897337,1.3410970154520152,2.5403753046990216,3.8020671804099253,1.548916253464651,4.847303046882018,2.6011747089909014,3.769915944952023
2y23y,2,25,4.4790564229860514,3.760563886895943,1.3341218342145422,2.518135840913003,3.7997195848248415,1.5571433517677669,4.8551007686386605,2.5805801452743804,3.751476464084902
2y24y,2,26,4.4553671131733275,3.736514719582366,1.3265489648122986,2.4967301243090994,3.79606018511646,1.5635372142280588,4.860351780729805,2.560691547459517,3.733236354250692
2y25y,2,27,4.432232509567657,3.712057979328641,1.3185244718483833,2.4760636859393057,3.7912988560424172,1.5685575325377912,4.863453617912946,2.5414479965006374,3.7152475216877847
2y26y,2,28,4.409540067073222,3.687292078861172,1.3101781161863029,2.4559409172428563,3.7856980913731895,1.572598358362174,4.864944045363663,2.5226750450609963,3.697434314129227
2y27y,2,29,4.3871822360414,3.662313362518252,1.3016391562764003,2.4361685912762674,3.7795141181309058,1.5760519832042703,4.865350897065457,2.5041999944035656,3.679721059881194
2y28y,2,30,4.365055567669767,3.6372164839279306,1.2930364428105283,2.4165554275641177,3.7729980262422615,1.579309258037637,4.865193860283477,2.48585157785862,3.6620320690649764
3y1y,3,4,4.046170070937758,3.411200938295974,1.127417153777182,2.496857829271508,3.5744173152180765,0.6714631500528917,4.2410314692338185,2.480210271445131,3.681804591748871
3y2y,3,5,4.152274987570957,3.4504256500620043,1.1420350547115237,2.5085130803095166,3.534703160442539,0.7525434679085543,4.294479229584708,2.4974249078817965,3.686694902753571
3y3y,3,6,4.250746603381211,3.50260957837234,1.1807147939064282,2.5316422030694614,3.523349729803777,0.8335310968990175,4.363287897358355,2.5263829724180416,3.709428547305913
3y4y,3,7,4.3390469302831915,3.5568671378278323,1.2167045919583814,2.556419313559191,3.532968950001208,0.9168479571020688,4.4263332177420365,2.5605456404813935,3.7277955685614943
3y5y,3,8,4.414217951624172,3.6048019524700763,1.2510188423735447,2.582214451734661,3.5550942114287576,0.9912118275195081,4.484523407658329,2.5936747549331,3.744794684233866
3y6y,3,9,4.47297822447516,3.6516368024479036,1.2792748610828009,2.6080756258412316,3.5877081909177004,1.0543682619690444,4.535540301476797,2.6219676798263287,3.7618535822195582
3y7y,3,10,4.517344954334751,3.6799330577886544,1.3122318411120575,2.6355667920597656,3.6223960840083653,1.1148164989299745,4.576922162042107,2.6484192599482164,3.7779710054322013
3y8y,3,11,4.554506689217621,3.7100481757092094,1.3376949442477715,2.660426775705509,3.655229325744258,1.1710816721830382,4.613601894752636,2.6735000725681055,3.794821695374557
3y9y,3,12,4.586089254493304,3.7452836563839185,1.3542434604830935,2.681131730894437,3.6858330439119213,1.2230148127915146,4.647489163255875,2.69632376662268,3.81204822732888
3y10y,3,13,4.611938193271074,3.7818795940097285,1.3644410984892181,2.6969715625233377,3.7138545106701915,1.2714599806367013,4.6788609925965385,2.7156685308080264,3.8284300512384823
3y11y,3,14,4.631809324804957,3.816178347970784,1.3704296287456172,2.7069900295334515,3.738558526807756,1.317174688816754,4.707655070688422,2.7301158993189296,3.8426142088064865
3y12y,3,15,4.645406049017509,3.844582820115943,1.374104732525612,2.710087144310104,3.758986938375276,1.3608657269674058,4.7336111908690865,2.7381326736702403,3.8531705554463733
3y13y,3,16,4.652540121565414,3.8643223368424393,1.3768876408046868,2.705563444197519,3.77443077171449,1.4029258425588518,4.756528468955304,2.7386482690330487,3.8589635069605084
3y14y,3,17,4.653550141455016,3.8757207524342467,1.3788447007447615,2.6945669803316195,3.785596707702614,1.4426276802089193,4.776832592620065,2.732622729857162,3.860158506795334
3y15y,3,18,4.6488666626308826,3.8797112655914034,1.3797340917785945,2.6785764288132707,3.7934235072782005,1.479018441643561,4.795033406255865,2.721387589962314,3.857158316225266
3y16y,3,19,4.6388833726252185,3.877085006641919,1.3793318132074734,2.6589501045517454,3.7987348176622824,1.511191422693683,4.811569864704217,2.7061506704508895,3.8502856431243537
3y17y,3,20,4.623967911811108,3.8685327973050523,1.3774264281498196,2.636961578078581,3.8022730524296886,1.5382724358583681,4.826830877357871,2.688032544517191,3.8398066756133975
3y18y,3,21,4.604605783670096,3.854756884378103,1.3738900452196339,2.6137057513937387,3.8046072028184996,1.5597031169395765,4.841053732133849,2.668020154693321,3.8260523043415713
3y19y,3,22,4.5818071916879015,3.8367366492791035,1.3688949125087257,2.5897690504276927,3.805810857547661,1.5760940716525815,4.853994157270255,2.646775578183269,3.8097391422449687
3y20y,3,23,4.5566889448345655,3.8154833918889386,1.3626819556413396,2.5656035853650554,3.805827075561658,1.5883179809230188,4.865289244279578,2.624865712560538,3.7916515576368175
3y21y,3,24,4.530343176178456,3.7919678578720735,1.3554866682690963,2.541650416486589,3.804588466746206,1.5972203632116742,4.874575247625589,2.6028397913161974,3.772543754365444
3y22y,3,25,4.503843037228779,3.7671296076444927,1.3475403582109606,2.518342108356316,3.8020195583465153,1.6036257791764295,4.881487765791915,2.581233425506867,3.753146669394663
3y23y,3,26,4.478046078544078,3.741749358241257,1.3390548195305143,2.4959967402720995,3.798101055454218,1.60827666055201,4.885819822010794,2.56045170255951,3.734040893684628
3y24y,3,27,4.453002576231057,3.716055477199507,1.3301748954131776,2.4744997579717727,3.7930563014046834,1.6116420151944841,4.887989734023193,2.5404163305148444,3.715269003955185
3y25y,3,28,4.428571633370309,3.6901390407985053,1.3210286685820218,2.4536346356461665,3.787161208334196,1.6141210947455737,4.888558333927527,2.520933727657049,3.6967424088035896
3y26y,3,29,4.40462190244122,3.6640901060601903,1.3117439581988262,2.433190538742274,3.7806831162379395,1.616110522989928,4.888072591903857,2.5018150718744843,3.6783744872893105
3y27y,3,30,4.381029814263237,3.637997908131637,1.3024483737926467,2.4129612598013037,3.773882391386492,1.6180047880102462,4.887068194691492,2.4828754148104326,3.6600802217240433
4y1y,4,5,4.258379904204164,3.4896503618280463,1.1566529556458796,2.520168331347519,3.4949890056669903,0.8336237857642146,4.347926989935591,2.5146395443184764,3.691585213758275
4y2y,4,6,4.353034869602939,3.5483138984105196,1.2073636139710506,2.549034389968438,3.4978159370966257,0.9145650703220795,4.424416111420626,2.549469322904499,3.72324052508443
4y3y,4,7,4.436672550065001,3.6054225376717883,1.2464670713521122,2.5762731416550873,3.5191528282622486,0.9986428927851285,4.488100467244772,2.5873240968268174,3.7431258941657006
4y4y,4,8,4.506229921795778,3.6532022060136025,1.2819192645226316,2.603553607350453,3.5502634354814266,1.0711489968861594,4.545396392264457,2.6220408758050957,3.760542207355115
4y5y,4,9,4.558339855182641,3.699723975278292,1.3096464025439223,2.6303191851551784,3.590366366057624,1.1309492843522755,4.594442067925393,2.6503191615025687,3.7778633803136943
4y6y,4,10,4.595874101567584,3.7247217443707688,1.3430342890012015,2.6586849525244762,3.630392545473413,1.188708723742822,4.632903944176817,2.6764540913653976,3.7939987410460896
4y7y,4,11,4.627126206114745,3.752740638196815,1.36773462860071,2.683793768053223,3.6667738986765688,1.242455746773059,4.666826241255322,2.7011129012999584,3.8109669958925134
4y8y,4,12,4.653579152437748,3.787043996144912,1.3825967488213318,2.704165968597304,3.6997600099986516,1.2919587706338438,4.6982963750086295,2.7233379535198736,3.8283286817763806
4y9y,4,13,4.674801317974778,3.8230661113112587,1.3907770923461107,2.7192064217735417,3.7293475323870915,1.3381262951460118,4.727508717414616,2.7418305596261257,3.844721768959549
4y10y,4,14,4.690373250191677,3.856676088938266,1.3947308762424595,2.728003249559646,3.754972647966723,1.3817458426931397,4.754317430833882,2.7551064621063097,3.8586951705122474
4y11y,4,15,4.69988204702476,3.883981173008668,1.3965308760481967,2.729471627495432,3.7757659950259295,1.4235386885050882,4.778391165563201,2.761580164781614,3.868749279418873
4y12y,4,16,4.70307095911772,3.902082453387979,1.3976768480569781,2.722955578774687,3.791098559755858,1.4638810669343472,4.799486552265428,2.7601847688320422,3.8737267498948103
4y13y,4,17,4.700271685340961,3.9114530458294987,1.398185281280728,2.7097753765670136,3.8018412763552702,1.5019480286824598,4.818048063649775,2.752039072811934,3.8738780387219833
4y14y,4,18,4.691916419180393,3.91317628896965,1.3977567302072653,2.6915563287805404,3.809066806711066,1.5367009624714667,4.83460497318601,2.7386145412849707,3.8696835822592943
4y15y,4,19,4.678397592737718,3.9081439445316493,1.3961261238361586,2.669756256237095,3.8136893178252294,1.5671733075364025,4.849605757735577,2.7212133637179408,3.8615177132160525
4y16y,4,20,4.660080276865694,3.8971160384931194,1.3930520077981097,2.6457180623790233,3.816514036005413,1.5924480162212102,4.863443340365623,2.701021436584195,3.8496818058549307
4y17y,4,21,4.637454943242587,3.880848410618228,1.388388450598601,2.6205791585774,3.8181477844420533,1.61195252675644,4.876349159363262,2.6790677948843924,3.834537463905848
4y18y,4,22,4.611564809507354,3.8603775221115013,1.382310343549366,2.5949307849363703,3.8186660543437494,1.6263513450747855,4.888047639938945,2.6560292063353885,3.816846617272529
4y19y,4,23,4.583558359250187,3.8367614157622527,1.37506431363419,2.56922178305419,3.818006536632372,1.636573498337236,4.8981449166504065,2.63247915682977,3.7974329768940773
4y20y,4,24,4.5545518314404925,3.8110062038508787,1.366890143993691,2.5438900458473435,3.8160970243226124,1.6435082238696128,4.906252436545177,2.6089712673097516,3.7770807124962724
4y21y,4,25,4.525636988004543,3.7840785918991835,1.3580224155649496,2.519365169265117,3.8128577604002505,1.64801447580136,4.911985684675633,2.5860440518907595,3.7565439111873182
4y22y,4,26,4.497676806162548,3.7567742864205886,1.3486747134283932,2.4959575998630354,3.8082684981922252,1.6508590928474245,4.915128383500656,2.5640990403374366,3.7364152710453435
4y23y,4,27,4.4706909460264175,3.7293100223692264,1.338990449397351,2.473527667915263,3.8025623442823617,1.6525193571571621,4.9161183542314255,2.543033985257006,3.7167239783989383
4y24y,4,28,4.444505031804999,3.701761461736111,1.329095815032223,2.451833669245111,3.796025537214034,1.6533985091077692,4.915538619956431,2.522630538332546,3.6973648178475362
4y25y,4,29,4.418959975701359,3.6742056727707597,1.3191170303756918,2.430643847121105,3.788933748278734,1.653896417907409,4.913954236810658,2.502679263891659,3.678237283110928
4y26y,4,30,4.393909035160371,3.6467208685099326,1.3091803437932414,2.4097344686678346,3.781554125085277,1.6544102356239907,4.911915761055248,2.482977920324483,3.659244669030781
5y1y,5,6,4.447689835001724,3.606977434993012,1.2580742722962268,2.577900448589359,3.5006428685262785,0.9955063548799485,4.5009052329056445,2.584299101490516,3.7548958364105776
5y2y,5,7,4.525818872995421,3.6633086255936607,1.2913741292052294,2.6043255468088713,3.5312347395598755,1.0811524462955902,4.558187205899362,2.6236663730809897,3.768896234369413
5y3y,5,8,4.588846594326319,3.707719487408795,1.3236747008148904,2.6313486993514283,3.5686882454195685,1.1503240672601431,4.611219526374074,2.657841319633963,3.783527871887396
5y4y,5,9,4.633329842927264,3.7522423786408554,1.3478947642684385,2.65785689860709,3.6142107061552866,1.205280658999288,4.656070837422838,2.6842390657985913,3.7994329219525524
5y5y,5,10,4.663372941040271,3.7717360208793154,1.3803105556722686,2.6863882767598697,3.6574732534346994,1.2597257113385458,4.689899335025063,2.708817000774784,3.8144814465036534
5y6y,5,11,4.688583923099843,3.7965890175916117,1.4029149074265173,2.711064674170842,3.6954047141781645,1.3105944069411999,4.7199761164752765,2.732191794130208,3.830863959581552
5y7y,5,12,4.710036187899691,3.8295288010473225,1.4148744335606849,2.7304513453472725,3.729013010617461,1.3574351970437908,4.748349144304777,2.753152011977216,3.8478634629218247
5y8y,5,13,4.726853994696105,3.864743079996661,1.420042609433641,2.744086183076794,3.758642348227106,1.4011891088187387,4.7749564333494945,2.770229436539581,3.863863838359708
5y9y,5,14,4.738372510856957,3.897456725283846,1.4211839785309701,2.751096018249882,3.7838597193333614,1.4426482934630225,4.799471924267025,2.781825008527181,3.8772629434849124
5y10y,5,15,4.74403226130682,3.9234142541267314,1.4205186680884285,2.750401957110224,3.803843693961824,1.4825301787791785,4.821437583125961,2.7862742268279272,3.8864656859849336
5y11y,5,16,4.743497418655315,3.9395762798934273,1.4195881110034427,2.741390783086247,3.8180176101275727,1.5211771834043601,4.840537421568138,2.78250706196964,3.8902850713617694
5y12y,5,17,4.737096000435694,3.946603269496287,1.4183129750836334,2.725575963668638,3.8274122989126274,1.5576417155923132,4.857224819792623,2.771822366853056,3.889069107468959
5y13y,5,18,4.725265381870873,3.945755206442081,1.4163031744042966,2.704740020890772,3.83322663756061,1.5907838222181785,4.872041741128349,2.75584338720547,3.8833834567593732
5y14y,5,19,4.708398856204401,3.9380363432961927,1.413231350135466,2.680441108014922,3.8364536258365325,1.6195697019487025,4.885439955435576,2.7359686365321885,3.8736557488916077
5y15y,5,20,4.686860301709796,3.9242804169374574,1.408811944608258,2.65408804444779,3.8379490380279755,1.6430362982516762,4.897811097060959,2.713446896068577,3.860221578661375
5y16y,5,21,4.661147133182489,3.9052982886676157,1.4028719190331467,2.6268548352792673,3.838345208115495,1.6605980730684546,4.909375544952492,2.689344560544762,3.843471979540072
5y17y,5,22,4.632340392172249,3.882185002128175,1.3955843075436896,2.599328576323949,3.8377058807365,1.672982377975409,4.919819442880319,2.6643462452775593,3.8242149351263084
5y18y,5,23,4.601623828974965,3.8560453632030423,1.3871982779668743,2.571946974815672,3.835951955019338,1.6811818157024043,4.928712579245674,2.6390258019692867,3.8033134081794007
5y19y,5,24,4.570139827610826,3.8279196692205018,1.3779552591698923,2.545138557136808,3.83299744635712,1.686133720612003,4.935637986366733,2.6139360948356076,3.7815804755877473
5y20y,5,25,4.538999842194562,3.798800003402741,1.3680908885609036,2.5193250111609973,3.8287511981369136,1.6887340103032178,4.940188619412637,2.5896142772693738,3.7597918460587714
5y21y,5,26,4.509071896731994,3.769494473305948,1.3578186066561324,2.494804707887584,3.8231865692648555,1.6897750598513874,4.9421379736704205,2.566454254433578,3.7385500356780623
5y22y,5,27,4.48034144792743,3.740203643302917,1.3472785172951454,2.471407637759251,3.81654295058306,1.689741883129569,4.94194523442669,2.5443246416633034,3.717866649518968
5y23y,5,28,4.45259742865721,3.7109836834712437,1.3365933306577167,2.448862596979789,3.809114082063906,1.6890408883835761,4.940217386479076,2.5229779728548967,3.6976161049818512
5y24y,5,29,4.425650812013742,3.681895477393373,1.3258863668227672,2.4269136602783377,3.801181445887557,1.688074444246709,4.937538705430452,2.5021809188738753,3.6776811193339554
5y25y,5,30,4.39933020039862,3.653003688777208,1.315281439319136,2.405317114160647,3.793016729862008,1.6872416936183823,4.934475311900034,2.4817114553647226,3.657951047241682
6y1y,6,7,4.6039479109891275,3.719639816194316,1.3246739861142374,2.630750645028378,3.5618266105934873,1.1667985377112253,4.615469178893074,2.663033644671455,3.7828966323282294
6y2y,6,8,4.659424973988615,3.7580905136166876,1.3564749150742155,2.65807282473246,3.6027109338662204,1.2277329234502417,4.666376673108291,2.6946124287056894,3.7978438896257987
6y3y,6,9,4.695209845569105,3.8006640265234726,1.377834928259177,2.6845090486129997,3.6520666520316234,1.2752054270390711,4.707792705595235,2.7175523872346203,3.8142786171332017
6y4y,6,10,4.717293717549905,3.8129256673508958,1.4108696265162814,2.713510233802493,3.696680849661804,1.3257805504531943,4.737147860554914,2.7399464755958496,3.82937784902692
6y5y,6,11,4.736762740719465,3.8345113341113333,1.431883034452577,2.737697519287137,3.7343570833085447,1.3736120173534534,4.763790293189201,2.761770332658143,3.8460575842157465
6y6y,6,12,4.75376058004935,3.8666206953897087,1.4410077937714265,2.7558764948069263,3.7670747009659937,1.4177566707377647,4.789589796204631,2.781294163724997,3.8633580673403634
6y7y,6,13,4.766734588938159,3.9015667435686128,1.4431809433104146,2.7678270022892857,3.7954994167557965,1.459143787952852,4.814106604841471,2.796790912975163,3.8794306957810103
6y8y,6,14,4.774707845338861,3.9337666365702018,1.4415726918103131,2.7727454644574476,3.819261825684248,1.4985410357859048,4.836792760687197,2.806515746906764,3.892558831869203
6y9y,6,15,4.776959197562941,3.958573900697145,1.4385680453986742,2.769568791390319,3.8375326745657743,1.5366439369902032,4.857052288705996,2.808715907420973,3.9010845581598605
6y10y,6,16,4.773078177020674,3.9728361643834695,1.435739494874166,2.7577398165359366,3.849755084287702,1.5737442662568015,4.874500640434387,2.8023278580175512,3.9038239948568867
6y11y,6,17,4.763405651838782,3.9774783453602227,1.4328801298824885,2.7390010104940266,3.8571186107659328,1.6087449302025294,4.889617509509621,2.7888699364314675,3.9012666775651748
6y12y,6,18,4.748396677443301,3.9739866873961707,1.4294889162466358,2.7153099852492235,3.860941951646806,1.6403902778296977,4.90296978348024,2.7701387443483836,3.894090758455105
6y13y,6,19,4.7284533962969135,3.963502413165669,1.4251665099692536,2.688328851047657,3.8622852225527073,1.6675745748001458,4.91501954947634,2.7476355238430856,3.8827911267747637
6y14y,6,20,4.703943906474657,3.9469449156477765,1.4195789212019754,2.659530015580535,3.8620423358495257,1.689288437063944,4.926161515929195,2.7226717385384376,3.867744845965003
6y15y,6,21,4.675377619727873,3.925186345579257,1.412525095482276,2.630118461058594,3.860858697421443,1.7049375209476896,4.936606899088948,2.6963475911483776,3.849377055748703
6y16y,6,22,4.643881051995406,3.8993854750741233,1.4041786847466562,2.600667834307361,3.8587723189996392,1.7153246294188753,4.946001581003736,2.6693491917642493,3.8285473787960407
6y17y,6,23,4.610678769796921,3.8706964178036327,1.3947938077122068,2.571596770476043,3.8556760189306947,1.7215156663390192,4.953877717265675,2.642245019644508,3.8061615006363896
6y18y,6,24,4.576942604977998,3.8401942377886966,1.3846153139962074,2.5433184520561105,3.851461589569944,1.7245019075971166,4.95978980600346,2.6155825944658906,3.7830629555420323
6y19y,6,25,4.543805632046815,3.808895928055885,1.3738812367853608,2.516242093401609,3.846020057590106,1.725219676378127,4.963308797649846,2.5898940233629975,3.7600495307770965
6y20y,6,26,4.512140999818508,3.7776203252215965,1.3628058233741271,2.4906499208524955,3.839313754301784,1.7244884950999593,4.9641996107086594,2.565562012080731,3.737732745641435
6y21y,6,27,4.481896286638178,3.746547748460532,1.3515263384855698,2.466336551529246,3.831585811633384,1.7228007178081224,4.962947139261026,2.542421095957245,3.7161033549050817
6y22y,6,28,4.452820501096095,3.715711240220255,1.3401623787650578,2.4429972400884443,3.823135500861071,1.720565185361014,4.960186120732414,2.520190648826005,3.695012480826
6y23y,6,29,4.42469259362296,3.6851527835846927,1.328834718758704,2.420349017308293,3.8142483405554386,1.7181861003061338,4.95652276945327,2.4986105631079343,3.6743239577219278
6y24y,6,30,4.3973152156234905,3.6549214493515496,1.317665071278424,2.398126141892784,3.8051989740843313,1.7160639993991507,4.952540731858133,2.477436970109481,3.6539116810263095
7y1y,7,8,4.714902036988093,3.7965412110390484,1.3882758440342033,2.685395004436558,3.643595257138959,1.28866730918925,4.717284167323514,2.726191212739926,3.8127911469233657
7y2y,7,9,4.740840812859097,3.8411761316880453,1.4044153993316355,2.7113882504053213,3.6971866727506977,1.3294088717029882,4.753954468946322,2.744811758516203,3.8299696095356848
7y3y,7,10,4.7550756530701666,3.8440209510697487,1.4396015066502876,2.7410967633938697,3.741632262684579,1.3787745547005124,4.777707421108865,2.765584085903977,3.844871587926483
7y4y,7,11,4.76996644815205,3.863229213590584,1.45868529653716,2.76443423785183,3.7774897014873123,1.4253153872640063,4.800870571763233,2.7864545046548175,3.8618478221876242
7y5y,7,12,4.783723113861395,3.8960168712287877,1.4642745553028624,2.780901664762637,3.808124319040497,1.4679482973430718,4.824413919666944,2.804946267535706,3.879450354342791
7y6y,7,13,4.793865701929664,3.931887898130996,1.4629321028431075,2.7906730618327695,3.834444884449515,1.5078679963264543,4.84721284249954,2.819083791025781,3.895519706356475
7y7y,7,14,4.799102121674538,3.964356182338185,1.4582725069097515,2.793030438661601,3.8560382849829287,1.5459328212251437,4.868410415229215,2.8270131900832354,3.908224860375055
7y8y,7,15,4.798585608384667,3.9884406612599976,1.452804802809227,2.7869210596855614,3.871995932562311,1.5828746119000747,4.887250177432613,2.826926190264662,3.915858048888813
7y9y,7,16,4.791870428801957,4.000969091960043,1.4480801069586011,2.7718497244812217,3.881747136920394,1.618960458317421,4.903281913938979,2.8178049928337843,3.917260368471182
7y10y,7,17,4.779351425923747,4.003262198276812,1.4437007442593135,2.7498260470405915,3.8866478107831766,1.6529395694516593,4.917032342571276,2.8014535656074693,3.913103682088869
7y11y,7,18,4.76152838348459,3.997109130232702,1.4390175462586716,2.722997197996574,3.8881342553789255,1.6834440723859214,4.929106202079074,2.7798755715917403,3.9041993153757297
7y12y,7,19,4.738828853405897,3.9838242962466146,1.4335408869571715,2.6931270348825973,3.887323440215975,1.7093059112242213,4.93998208035828,2.754685680440722,3.8911156679786405
7y13y,7,20,4.711635906127391,3.9644299232980416,1.4268793008241087,2.6617438133153164,3.885135853176913,1.729479967783382,4.950060926470436,2.727259284220513,3.8742716316293695
7y14y,7,21,4.6804797417806405,3.939868240535323,1.418800174722849,2.630073305060753,3.8822181321948688,1.7433760197502937,4.959545307674368,2.698727158753872,3.8541256574215934
7y15y,7,22,4.646543261395825,3.911368518999444,1.409478997988817,2.5986623135926266,3.87856869956005,1.7518930355327176,4.96803707447778,2.6697702282371023,3.8315907618938954
7y16y,7,23,4.611099448472409,3.8801374554042143,1.3991762965620789,2.567899653316522,3.8740416069517702,1.7561854868782563,4.975028250913963,2.6409457305803232,3.8076155549056487
7y17y,7,24,4.575354057565579,3.847285674353071,1.3881412744598518,2.538175381881272,3.8684989412744417,1.75730798817864,4.980043960539366,2.6127913562185046,3.7830727392604917
7y18y,7,25,4.540464394327799,3.8138546009370824,1.3766149729337567,2.5098805072001227,3.8618085824232513,1.7562430729707326,4.982633220914112,2.585830711068083,3.7587802473575884
7y19y,7,26,4.507309057125317,3.780671930959873,1.3648127621772788,2.4832761985274487,3.8539183408127475,1.7538405981204188,4.982553843962111,2.560431926154903,3.735355698973708
7y20y,7,27,4.475793705420631,3.7478931450738413,1.3528689561041363,2.4581158468542896,3.845073771685379,1.7506008268129667,4.980321037279423,2.5363904685215344,3.712763691033924
7y21y,7,28,4.445623957767856,3.715524165173871,1.3408999212722392,2.4340566017579714,3.8355787813500033,1.7469350257252898,4.976601213200954,2.5133886014047926,3.690827521230656
7y22y,7,29,4.416544624651771,3.6835851911933464,1.3290238429698158,2.41078530695738,3.825722055553709,1.7432491713331746,4.972025205387824,2.4911367866732284,3.6693888361489133
7y23y,7,30,4.388331185390203,3.652107607314907,1.31736033585078,2.3880120330608023,3.8157803811926287,1.73994510642906,4.967196016769658,2.469367549476352,3.6483036396653574
8y1y,8,9,4.766779588730092,3.8858110523370377,1.420554954629081,2.737381496374086,3.7507780883624227,1.3701504342167383,4.790624770569138,2.763432304292482,3.847148072148026
8y2y,8,10,4.7751624611112025,3.867760821085105,1.465264337958338,2.768947642872523,3.790650765457393,1.4238281774561472,4.807919048001544,2.785280522486002,3.860911808428035
8y3y,8,11,4.788321251873371,3.885458547774432,1.4821551140381461,2.7907806489902565,3.822121182936761,1.470864746622256,4.828732706576478,2.8065422686264445,3.878200047275711
8y4y,8,12,4.80092838307972,3.920885786276219,1.4832742331200313,2.804778329844156,3.849256584515881,1.5127685443815282,4.851196357752802,2.824635031234654,3.8961151561976495
8y5y,8,13,4.809658434917978,3.9589572355493834,1.4778633546048927,2.8117286733120155,3.8726148099116244,1.5517081337538956,4.873198577534745,2.837662306682951,3.912065418243096
8y6y,8,14,4.813135469122278,3.9923253442213724,1.46993861738901,2.810969677699107,3.891445456290256,1.588810406564459,4.8935981232135,2.843816852973788,3.9241304792836704
8y7y,8,15,4.8105404042984645,4.015854868434418,1.4620232254913763,2.801424781863992,3.9046246004799325,1.624904226573049,4.911531036019627,2.841316901339626,3.930581892026734
8y8y,8,16,4.80149147777869,4.026522577075166,1.4555556398241525,2.7826565644868033,3.9115161218930736,1.6602471019584417,4.926531632265911,2.8292567153455153,3.9303190211646597
8y9y,8,17,4.7865124691388194,4.026231196858785,1.4498590665065492,2.7569850517743735,3.9136536500769794,1.6934142650363706,4.93922658426547,2.8098160492594184,3.9242495193294813
8y10y,8,18,4.76619101813424,4.017165922152068,1.4440917164811187,2.7267574173525757,3.912588155202924,1.7229217487055883,4.95028840555463,2.7852440074769214,3.913340132220967
8y11y,8,19,4.741004018534788,4.000850031265483,1.4376558908592603,2.6938299467413285,3.909480547768432,1.7475457841364919,4.9602273451796215,2.7572760865953394,3.898236078983667
8y12y,8,20,4.711363728555665,3.978420649319624,1.4300962555566021,2.6597728807218797,3.9052642361800776,1.7662143559995607,4.969458989732678,2.7273482901772295,3.8793950053548696
8y13y,8,21,4.677831872918529,3.9508933966504207,1.4211482001604383,2.625817789724153,3.9005737379684007,1.7783536128703739,4.9781807800090485,2.6966145392164833,3.8573052351522272
8y14y,8,22,4.641660491710662,3.919570469568042,1.4109935089855756,2.59246712138949,3.8953525168758425,1.7849805874143938,4.98594799641737,2.6657401579154727,3.8329335915346476
8y15y,8,23,4.604179275904697,3.8857105383618924,1.3999029933972722,2.56006662990852,3.8894046969392915,1.7873533653908555,4.992211189819994,2.63526269843635,3.807270515437801
8y16y,8,24,4.566632308851672,3.850457203310197,1.3881328638614558,2.528974155471566,3.8825554215329094,1.786598030615476,4.996466447615357,2.6057038651859163,3.781215338781562
8y17y,8,25,4.530203356524251,3.8148730356369667,1.3759290393396129,2.499556125009744,3.8746446603811506,1.7837475296637602,4.9982419887723815,2.57757421096974,3.755603135618426
8y18y,8,26,4.495776113799607,3.7797903042888077,1.363509257629673,2.4720473759769432,3.8656029565724026,1.7796835586165947,4.997291048219811,2.55122307690018,3.7310537296431723
8y19y,8,27,4.463209056390763,3.745332720549357,1.3510054356867651,2.446153785928907,3.8556779040299283,1.7749131172142145,4.994165083066577,2.5264009556679348,3.7074990880923746
8y20y,8,28,4.432160053806843,3.7114733128806123,1.3385311251341416,2.4214896816240428,3.8451779575605562,1.769848411552091,4.989567065494827,2.5027484708380365,3.6847293399460206
8y21y,8,29,4.402337128826232,3.6782063331054564,1.3262023191096075,2.3977086546964674,3.8343947602401265,1.7648959266733617,4.984155731009935,2.47994371876529,3.6625601546834643
8y22y,8,30,4.373487055772116,3.6455424435092643,1.3141369036606247,2.374494625270995,3.8236069777405226,1.7604577335763236,4.978555646289937,2.4576937466007354,3.640826934789993
9y1y,9,10,4.783545333492297,3.8497105898331543,1.5099737212875843,2.800513789370966,3.830523442552363,1.4775059206955483,4.825213325433958,2.807128740679537,3.8746755447080607
9y2y,9,11,4.799092083444998,3.8852822954931185,1.5129551937426835,2.817480225298343,3.8577927302239274,1.521221902825017,4.847786674580149,2.8280972507934297,3.8937260348395544
9y3y,9,12,4.812311314529597,3.932577364255948,1.5041806592836782,2.8272439410008485,3.882082749900364,1.5603079144364556,4.871386886814027,2.8450359402153818,3.912437517547524
9y4y,9,13,4.820378146464945,3.9772437813524677,1.4921904545988436,2.830315467546499,3.9030739902989233,1.5970975586381875,4.893842029276148,2.856219807280571,3.928294754766865
9y5y,9,14,4.822406645200712,4.013628202598238,1.4798153499409956,2.8256873139641137,3.919578929875821,1.632542401034007,4.914192793742373,2.8598937627100502,3.9395269607108
9y6y,9,15,4.817833873559859,4.037528837783983,1.4689346039684252,2.812098662778978,3.9302656858328477,1.667363191965768,4.9316820802613766,2.8542976675141505,3.9444875286731893
9y7y,9,16,4.806450319071346,4.046624223466326,1.4605557377091598,2.789124431360052,3.934478698111737,1.7016894830643996,4.945946898222595,2.8386602026388075,3.9422005853098927
9y8y,9,17,4.788979079189908,4.043783714924004,1.4535220804912332,2.7594354961994108,3.9340130952912986,1.7338222438888249,4.957801810977515,2.8156140173802866,3.933887200227165
9y9y,9,18,4.7661256214013665,4.03176090768707,1.4467069122424554,2.7255769641279644,3.9305670515185325,1.7621185614265722,4.968028809441909,2.7876675300529707,3.9206948055624053
9y10y,9,19,4.738426461515257,4.012353929158328,1.4393659844822766,2.6894747917780535,3.9253507937090317,1.7852853191284663,4.9771876026406705,2.756660464825626,3.903344879667231
9y11y,9,20,4.706325923085263,3.986839703590768,1.4309636465500117,2.652717552026225,3.9193084314362263,1.8022201670707265,4.985716646020275,2.7240679252576605,3.8823265447373108
9y12y,9,21,4.670419563267565,3.9563169253432027,1.4211976372880504,2.6165208141699923,3.913056708768898,1.812370544424843,4.993810447462376,2.691046392126818,3.8581516654025783
9y13y,9,22,4.6320359457860905,3.9221673478165817,1.410258013166844,2.581319861775291,3.9064736267614877,1.8168905991988296,5.000972859944159,2.658225377424934,3.831840169949004
9y14y,9,23,4.592564967845738,3.8857033587922376,1.398427853309285,2.5474012823038374,3.899306597551925,1.8171535747604373,5.0066102197664835,2.6261077265894843,3.804422118529928
9y15y,9,24,4.553289156859776,3.8481002800417414,1.3859713911436136,2.5150803327447315,3.891340577077608,1.8143612037087258,5.010189226085105,2.5951886359121445,3.776819823223799
9y16y,9,25,4.515417342011386,3.8104394095932124,1.373139919634021,2.4846920392994734,3.882386321132321,1.8095973481291998,5.011218064910086,2.5659580801370683,3.749881577085326
9y17y,9,26,4.479834732921343,3.7735537896977354,1.360153628394413,2.4564394865418175,3.8723573605847537,1.8037737424048215,5.009447888081616,2.538740181171221,3.724224650672299
9y18y,9,27,4.446344026816355,3.7375283687833742,1.3471415735233028,2.4299744686819538,3.8615056715670115,1.7973999329362969,5.005472878205324,2.513232547411016,3.699740811200394
9y19y,9,28,4.414548499337199,3.702297642382906,1.3342140814765124,2.4048637966371986,3.8501463717288784,1.790885147201321,5.000037712596179,2.4890282690772767,3.6761809856195997
9y20y,9,29,4.384115005831038,3.6678260971438768,1.3214846873336332,2.380725012612587,3.838575593834011,1.7846332012961923,4.993832279031975,2.465769289488932,3.653330758810236
9y21y,9,30,4.3547588399169745,3.6341010811841326,1.3090693774240316,2.35721429807561,3.827075020091861,1.7790437954505898,4.987504735609976,2.4431347676630333,3.631002118725325
10y1y,10,11,4.8146388333977,3.9208540011530784,1.5159366661977682,2.8344466612257095,3.8850620178954935,1.5649378849544913,4.8703600237263505,2.849065760907328,3.912776524971044
10y2y,10,12,4.826694305048236,3.9740107514673375,1.5012841282817224,2.84060901681579,3.907862403574372,1.6017089113069136,4.894473667504058,2.8639895399832973,3.9313185039672494
10y3y,10,13,4.832655750789164,4.019754845192239,1.486262699035928,2.840249360271672,3.927257506214446,1.6369614379523956,4.916718263890212,2.872583496147583,3.946167824786464
10y4y,10,14,4.832121973127816,4.054607605789512,1.4722757571043448,2.831980695112398,3.9418428017066893,1.6713015211186177,4.936437660819475,2.8730850182176764,3.9557398147114844
10y5y,10,15,4.824691581573368,4.075092487374148,1.4607267805045911,2.8144156374605767,3.950214134488946,1.705334646219809,4.952975831226862,2.8637314528810744,3.9584499254662133
10y6y,10,16,4.810267816667854,4.0794431624051875,1.452319407112756,2.7872262050248966,3.951804574038302,1.739053410125873,4.966069160354036,2.843915446298686,3.953454758743533
10y7y,10,17,4.78975532857528,4.0715084470798395,1.445457560377467,2.7535671686034733,3.9487973313968605,1.7704388614878628,4.976743023198022,2.8168261997661093,3.9423460081584656
10y8y,10,18,4.76394815739,4.05451719741881,1.438798561111813,2.716209860972588,3.9430725026393048,1.7976951415179494,4.985880744942902,2.7852348787246513,3.926447213169197
10y9y,10,19,4.733413253517807,4.030425411305568,1.4315206803927973,2.6771371253788407,3.9358871660597745,1.8194830300654565,4.994073633441418,2.751052878619636,3.9065303613293607
10y10y,10,20,4.698603982044558,4.000552614966529,1.4230626390762537,2.637937928291751,3.928186930324614,1.8346915917082434,5.001766978078907,2.715761843715473,3.8830916447402357
10y11y,10,21,4.660135402338043,3.9660084103895703,1.4131270841971837,2.5997941800608126,3.9205597329704016,1.8428127829456866,5.009137458555868,2.6804934513492973,3.856649494556625
10y12y,10,22,4.61941016347724,3.9282054109818665,1.4019483708234477,2.5630537011423167,3.912802808778917,1.8451726557407684,5.015619487820008,2.645816763820383,3.828270555385748
10y13y,10,23,4.577874170488312,3.888472033327553,1.3898474019263378,2.527931089452519,3.904597609474968,1.8432803173808114,5.020563827022832,2.6121830331979417,3.7990180088239187
10y14y,10,24,4.53684228710031,3.847985257913783,1.377114081847615,2.494692228700001,3.895684658115127,1.838422295352524,5.0234017904173305,2.5800500570001885,3.769830128832065
10y15y,10,25,4.497542142579325,3.8078213309105498,1.364017666190449,2.463637255961373,3.8858438463709852,1.8317367766247756,5.023618380875161,2.549880036100904,3.7415619792438104
10y16y,10,26,4.460852820385658,3.7687939896892715,1.3507898725885892,2.4349348426149957,3.8749719804617784,1.8241654812616506,5.020962548247095,2.5219658962019516,3.714821469795064
10y17y,10,27,4.426508655835418,3.730929414603975,1.3375632118901088,2.408178038053187,3.863328155626696,1.8162172277739876,5.016076381309522,2.49594453604228,3.689450532758767
10y18y,10,28,4.39404867521747,3.6941080341912245,1.3244496570425635,2.3828832414853225,3.8512365344609076,1.8082951042294182,5.009750178549636,2.471356020654929,3.665153510114685
10y19y,10,29,4.363092357006761,3.6582532291075975,1.3115642118623727,2.3586308664674083,3.838999391269887,1.8007977950120158,5.002706960800292,2.4478030025841626,3.6416810332366665
10y20y,10,30,4.333319515238208,3.623320605751681,1.299024160230853,2.3350493235108414,3.8269025989688363,1.7941206891883414,4.995619306118777,2.424935069012208,3.6188184474261886
11y1y,11,12,4.838749776698772,4.027167501781583,1.4866315903656793,2.8467713724058683,3.9306627892532275,1.6384799376593464,4.918587311281788,2.8789133190592797,3.949860482963457
11y2y,11,13,4.841664209484896,4.06920526721181,1.4714257154550054,2.8431507097946516,3.94835525037392,1.6729732144513447,4.939897383972154,2.8843423637677104,3.9628634746941733
11y3y,11,14,4.837949686371182,4.099192140668318,1.4577221207398767,2.831158706407963,3.960769729643754,1.7067560665066661,4.958463539850524,2.88109143732113,3.970060911291632
11y4y,11,15,4.8272047686172845,4.1136521089294105,1.4469243090812929,2.8094078815192978,3.9665021636373115,1.7404338365361427,4.97362978310199,2.8673978758745102,3.969868275590004
11y5y,11,16,4.809393613321883,4.111160994655607,1.4395959552957531,2.777782113784736,3.965153085266863,1.7738765151601528,4.985210987679573,2.8428853833769594,3.9615904054980278
11y6y,11,17,4.785608077771545,4.096617521400964,1.43371104274075,2.740087253166435,3.9594198836470897,1.8046890242434288,4.9944735231099715,2.8114529395759065,3.9472742553563673
11y7y,11,18,4.756706632246042,4.0736119397424835,1.42777883181382,2.6993188895078557,3.9513597147455637,1.830946178169874,5.0023837051166975,2.776116181269984,3.9284001686260748
11y8y,11,19,4.72326005603282,4.044121837574629,1.4209686821671752,2.657473433397981,3.942240309580309,1.8513011732043279,5.009537834655801,2.7388012683336744,3.90574959087415
11y9y,11,20,4.685711220783098,4.0094080165013555,1.41274330272942,2.616103624632423,3.932978587261182,1.8646642257919943,5.016367750784748,2.700950297360824,3.87979332471459
11y10y,11,21,4.644685059232076,3.970523851313218,1.4028461259971245,2.5763289319443223,3.924109504477892,1.8706002727448083,5.02301520203882,2.663636220393496,3.8510367915151824
11y11y,11,22,4.6016621025753786,3.928873720966302,1.3915857985166913,2.5383816138620086,3.9153246988592274,1.870648543994067,5.028824893646706,2.6273395822670254,3.8205881945143565
11y12y,11,23,4.558143781912528,3.885773536008757,1.379339963237052,2.5023881251380873,3.906225575439924,1.8664755200830059,5.033080810630873,2.592442805888827,3.7895381324783233
11y13y,11,24,4.51547332200051,3.8423799699722974,1.3664354215129875,2.4685572723518696,3.896501784285867,1.8594595576908346,5.035174234008944,2.559356541315024,3.75883425220599
11y14y,11,25,4.47489237894944,3.799747568750368,1.3531663090470696,2.437150869871064,3.885899691262091,1.8507938403155104,5.0345654063857905,2.528509627186159,3.7293323688347217
11y15y,11,26,4.437267086184855,3.7586566555916834,1.3397800863479767,2.4083007213742813,3.8742993112995303,1.841447321015462,5.031002716548478,2.500159238554927,3.7016244661166646
11y16y,11,27,4.402250519737775,3.719059127944655,1.3264148709958807,2.381536249104905,3.8619697892348968,1.8319221867002073,5.02518365365847,2.4738744594882145,3.6754926582454988
11y17y,11,28,4.369308077677457,3.6807700361346445,1.313185715327552,2.356320687382947,3.8492468001412252,1.8226102347750035,5.017949599421595,2.449137800640082,3.6505874504172517
11y18y,11,29,4.338006441651708,3.643664297327294,1.3002101866215168,2.3321966556475027,3.836440356457353,1.8139011233485454,5.010059568415511,2.425510627121765,3.626620172584756
11y19y,11,30,4.307986919545602,3.607660953362133,1.2876077125483842,2.3087652531047964,3.823841576920064,1.8061829420427555,5.002211899928906,2.402612401017728,3.6033469696606693
12y1y,12,13,4.844578642271014,4.111243032642032,1.4562198405443332,2.839530047183443,3.9660477114946096,1.7074664912433726,4.9612074566625255,2.889771408476136,3.9758664664248973
12y2y,12,14,4.83754964120739,4.1352044601116775,1.4432673859269738,2.823352373409014,3.9758231998390134,1.740894130930324,4.9784016541348866,2.8821804964520563,3.9801611254557114
12y3y,12,15,4.823356432590123,4.142480311312018,1.4336885486531692,2.7969533845571095,3.9784486217653305,1.774418469495081,4.9919772737087245,2.8635593948129254,3.9765375397988487
12y4y,12,16,4.802054572477661,4.132159367874112,1.427837046528274,2.760534799129454,3.9737756592702693,1.8077256595353572,5.00186690677902,2.8338783994563808,3.9645228861316726
12y5y,12,17,4.774979737986097,4.11050752532484,1.423126933215763,2.7187504293185487,3.965171302525858,1.8379308415602473,5.009650765475608,2.797960863679233,3.9467570098349474
12y6y,12,18,4.7430327748372525,4.081352679402631,1.4179700387218448,2.6747434756915207,3.9548092023276196,1.8630238849216287,5.016349770755848,2.7589833249717683,3.9248234495698453
12y7y,12,19,4.706761524509111,4.046543885545063,1.4115882667102482,2.630430870682571,3.943894241055605,1.8817042068536134,5.022530766566375,2.71878526108716,3.899448034861392
12y8y,12,20,4.666581401293637,4.007188080841326,1.4035072667748862,2.5872701561607427,3.9332680620121763,1.8929372618085767,5.028590305722618,2.678704919648517,3.8710349299334803
12y9y,12,21,4.6231223128468875,3.9642301123722876,1.393536629956174,2.5462797718930408,3.9233813617250757,1.8963914210876385,5.034618301011825,2.639716542763964,3.8400563813542643
12y10y,12,22,4.577953335163039,3.919044342884772,1.3820812193317933,2.507542638007623,3.913790889819826,1.8938654046275414,5.039848651883197,2.6021822085878,3.807660965669447
12y11y,12,23,4.532634146022869,3.8729195391203177,1.3695861789526316,2.471080557204653,3.904004010547804,1.8872023912124298,5.043489310571698,2.5664000319642404,3.7749633733433123
12y12y,12,24,4.488533617442322,3.82698100898819,1.3564190741085973,2.4370394306807026,3.89365503387192,1.8778745260267928,5.044889810902874,2.532726809836336,3.7429153996428677
12y13y,12,25,4.446903348353338,3.782253727747966,1.3428997489456374,2.4056416004453096,3.8824563760320028,1.8671256789813697,5.043486798316868,2.501555497042074,3.7123686677478958
12y14y,12,26,4.408589751148146,3.7394773094352622,1.3292906932038555,2.376981389157739,3.870273348588551,1.8559449912551862,5.039032388353242,2.4731053756617594,3.6838933220561803
12y15y,12,27,4.373150569273709,3.69851856968886,1.315733756371228,2.3505205742181743,3.8573902559003406,1.8448183366362656,5.032290076483583,2.4468718688501436,3.6572014699309685
12y16y,12,28,4.3399679714886235,3.6591201945317104,1.3023453481376683,2.325667519569015,3.8441583008217246,1.8341183783447326,5.024159742430332,2.4222768307388827,3.6318828858831127
12y17y,12,29,4.308550951354823,3.6211052853005694,1.2892442216953905,2.3019275546617175,3.830897860410537,1.824220016624381,5.015440289423377,2.3988398805372055,3.607606036680126
12y18y,12,30,4.278500094148205,3.5843550340054966,1.276550830447423,2.278876024254737,3.8179070651237774,1.8154997756196123,5.0068577104093,2.3761512389043093,3.584096218921626
13y1y,13,14,4.830520640143778,4.15916588758133,1.430314931309617,2.8071746996345723,3.985598688183404,1.7743217706172865,4.995595851607275,2.8745895844279747,3.9844557844865442
13y2y,13,15,4.812745327749682,4.1580989506470045,1.4224229027075879,2.7756650532439373,3.9846490769006966,1.8078944586209316,5.00736218223183,2.850453387981309,3.9768730764858344
13y3y,13,16,4.787879882546544,4.1391314796181415,1.4183761151895817,2.7342030497781225,3.9763516418621525,1.841145382299356,5.015420056817858,2.815247396449795,3.960741692700595
13y4y,13,17,4.757580011914869,4.110323648495537,1.4148537063836193,2.6885555248523234,3.964952200283674,1.8705469291394656,5.021761592678882,2.7750082274800048,3.9394796456874643
13y5y,13,18,4.722723601350503,4.0753746087547515,1.4103200783573449,2.641786161393136,3.952561500494222,1.8941353636572855,5.027378233574516,2.732825708270891,3.914614846198837
13y6y,13,19,4.683792004882129,4.035760694362235,1.404149671071233,2.595581007932423,3.940201995982436,1.9107438261219882,5.032751318217018,2.6902875698556628,3.886711629600807
13y7y,13,20,4.641153224011156,3.9923230877269393,1.3959768990935362,2.5512330288717857,3.928585254943256,1.9194330861750364,5.038216427016919,2.648552564101713,3.8560589961489935
13y8y,13,21,4.595440271668873,3.9458534973385695,1.3857012286326547,2.509623487481739,3.918048068003885,1.9200070373181715,5.04379465655549,2.6084596845499406,3.8230801207204337
13y9y,13,22,4.548328301039932,3.897688932911742,1.3738435947526229,2.4706551480991985,3.907984576300406,1.9145763950035601,5.0485865624632735,2.570227853044651,3.788971465585509
13y10y,13,23,4.501439696398054,3.849087189768147,1.3609228127934605,2.4342356082067726,3.8977996404531243,1.9051759812093367,5.051717495962618,2.5340628943130494,3.754873064035153
13y11y,13,24,4.456165887912441,3.80113900683784,1.3473462771598932,2.400449374634998,3.887073881360766,1.8933661655525593,5.052497297651997,2.5002682099599896,3.72173802993541
13y12y,13,25,4.413763740526866,3.7548379523401274,1.3334564079790798,2.369484229883799,3.875490431410119,1.8804306112928715,5.050343410121397,2.4692041710892343,3.690410517858146
13y13y,13,26,4.375052144138696,3.7108799461116644,1.3195269126392037,2.3414007231557616,3.86290608990347,1.867366414333018,5.045018921560221,2.441054142368345,3.661433849412432
13y14y,13,27,4.339477135488188,3.6690382509064903,1.3056990360731482,2.3155913261492262,3.8496290090721788,1.8546291827357582,5.037367406470803,2.4152361874482864,3.6344396844671167
13y15y,13,28,4.3063272601031315,3.628978671991021,1.2920870486438916,2.2914100177280523,3.8360323401101986,1.842561837484823,5.02835656148152,2.3911105255563987,3.6089506471803285
13y16y,13,29,4.275049220672561,3.5904716760917283,1.2788082455173309,2.2683273988791086,3.8224509947177827,1.8315171119606948,5.0188298414709305,2.3681566600410218,3.5845897598210783
13y17y,13,30,4.245201356023333,3.553361622320995,1.2659820651476044,2.245896375847166,3.8091929094549046,1.8218546747005675,5.00954301945323,2.3459382877530244,3.5610509102449623
14y1y,14,15,4.794970015355586,4.1570320137126995,1.4145308741055682,2.744155406853294,3.983699465617992,1.8414671466245744,5.019128512856405,2.826317191534645,3.969290368485127
14y2y,14,16,4.766559503747931,4.12911427563655,1.4124067071295667,2.697717224849896,3.971728118701528,1.8745571881403824,5.025332159423148,2.7855763024607016,3.9488846468076315
14y3y,14,17,4.733266469171904,4.094042902133609,1.4096999647416253,2.649015799924902,3.958070037650426,1.902621981980194,5.03048350636942,2.74181444183068,3.9244875994211013
14y4y,14,18,4.695774341652186,4.054426789048109,1.4053213651192793,2.6004390268327766,3.9443022035719206,1.9240887619172802,5.0353238290663285,2.697384739231621,3.897154611626911
14y5y,14,19,4.6544462778297975,4.011079655718416,1.398916619023558,2.553262269591993,3.931122657542241,1.9380282372229285,5.040182411538967,2.6534271669412006,3.86716279862366
14y6y,14,20,4.609591987989054,3.964515954417876,1.3902538937241917,2.508576083744653,3.919083016069896,1.9436183054346605,5.045319856251859,2.6108797273806683,3.834659531426069
14y7y,14,21,4.561857361886745,3.9153802987324604,1.3793278425359479,2.4671161714599052,3.9083979794068093,1.940819218275442,5.050680200119521,2.570441127424507,3.800026454468134
14y8y,14,22,4.513054258651953,3.8650043135780443,1.3667846776829988,2.428590204157275,3.89828281231503,1.9321082230518447,5.0552104013202745,2.532182636621735,3.764535925722879
14y9y,14,23,4.464875147092975,3.8146340011222373,1.3532125774027786,2.3927979313814616,3.8880441907053136,1.9197153379417873,5.057953234224324,2.496226595411392,3.7293638728738885
14y10y,14,24,4.418730412689308,3.7653363187634916,1.3390494117449225,2.359776842135041,3.877221400678501,1.9052706050460857,5.058187442256471,2.4628360725131917,3.6954662544802974
14y11y,14,25,4.375876749652601,3.718080867318199,1.3246510876763042,2.329694187179182,3.865480589885274,1.8900768695361052,5.055320460895409,2.432350951694804,3.663679129982837
14y12y,14,26,4.337096436138272,3.6735227843225258,1.3102945777500028,2.30258622511586,3.8526817067134753,1.8751201346426623,5.049137510722968,2.4049261888633757,3.634515354822924
14y13y,14,27,4.301704558206988,3.631336125008427,1.2961131979780356,2.2777772204965068,3.8391698029866985,1.8608066759756399,5.040580602998767,2.3799013107575413,3.6075153690810073
14y14y,14,28,4.268884875814515,3.5911081565917145,1.2822136284534824,2.254569683306157,3.8253490295335415,1.8474361279753622,5.030696612186824,2.3565763070655725,3.5821288516584557
14y15y,14,29,4.238017792707813,3.552558728659088,1.2687077997978458,2.232404245495411,3.8115744818200743,1.8353301347169213,5.02037877412851,2.3343944650818917,3.557932024843381
14y16y,14,30,4.2086189007658055,3.5154988557422238,1.2557112610124799,2.210816480610452,3.7981675482843724,1.8248254812057723,5.010414717443601,2.31289758171084,3.5345881056048642
15y1y,15,16,4.738148992140275,4.101196537560395,1.4102825401535897,2.6512790428464896,3.959756771785062,1.9076472296561935,5.031535805989902,2.7448354133867494,3.928478925130136
15y2y,15,17,4.702414696080064,4.062548346344071,1.407284510059657,2.601445996460709,3.945255323666641,1.9331993996580008,5.036161003125932,2.699563066978695,3.902086214889093
15y3y,15,18,4.66270911708438,4.020225047493245,1.402251528790521,2.5525335668259377,3.9311697828899037,1.9516293003481808,5.040722267802971,2.6544072551306144,3.8731093593408406
15y4y,15,19,4.619315343448354,3.9745915662198463,1.3950130552530553,2.505538985276666,3.9179784555233064,1.9621685098725132,5.045445886209612,2.6102046607928395,3.8416309061582963
15y5y,15,20,4.572516382515748,3.9260127425589104,1.3853984976479186,2.461460219122924,3.9061597261602783,1.9640485371966772,5.050558124930954,2.567792234549874,3.807733364014258
15y6y,15,21,4.5230052529752705,3.875105012902423,1.3734606706076795,2.420942965561007,3.8958477317049462,1.9573778968839186,5.055938814663376,2.527795116739486,3.771815802131967
15y7y,15,22,4.472780579122861,3.8232860707016667,1.3599637924797765,2.3835094609149863,3.8860804332717533,1.9450569482557394,5.060364956815115,2.490163414491319,3.73528529104256
15y8y,15,23,4.423613288560149,3.7718342495484314,1.3455477903149309,2.348878246947483,3.8760872813412304,1.9294963618564365,5.062806324395315,2.454965270895984,3.699373060922485
15y9y,15,24,4.376926012393055,3.721814574880247,1.3306625825937402,2.3170681127219024,3.865390504574114,1.912359878204032,5.062527323300923,2.4224492815108083,3.665041352924206
15y10y,15,25,4.333967423082303,3.6741857526787505,1.3156631090333795,2.288248065211771,3.853658702312003,1.894937841827258,5.0589396556993105,2.392954327710819,3.6331180061326087
15y11y,15,26,4.295471565300335,3.6295673998325095,1.3008185508085894,2.2624435722306395,3.84077100135852,1.87817949718976,5.05186560143811,2.3666179158932596,3.604081262671815
15y12y,15,27,4.260599103444605,3.587528134283071,1.2862450583007417,2.238912371633441,3.8271256644340923,1.8624183034215616,5.042368277177298,2.342699987359449,3.5773674524639976
15y13y,15,28,4.22841678815751,3.547575552197794,1.2720353787879386,2.216909243033301,3.813168226757815,1.8478952803869595,5.031586465981472,2.320442392875643,3.552347196517944
15y14y,15,29,4.198235491090116,3.509382065440974,1.258291865918724,2.1958505911127055,3.799279840120224,1.8348917767235178,5.020468078505088,2.2992571274781226,3.5285492860118284
15y15y,15,30,4.169528826459821,3.472729978544193,1.2451232868062738,2.175260552194263,3.7857987537954654,1.8237160368445182,5.009833797749416,2.2786696077225868,3.5056079547461807
16y1y,16,17,4.666680400019853,4.023900155127731,1.4042864799657253,2.5516129500749205,3.9307538755482185,1.9587515696598012,5.040786200261942,2.6542907205706423,3.8756935046480567
16y2y,16,18,4.624989179556437,3.979739302459672,1.3982360231089885,2.503160828815658,3.9168762884423143,1.9736203356941824,5.0453154987095035,2.609193176002539,3.845424576446192
16y3y,16,19,4.5797041272177115,3.9323899091063272,1.3899232269528818,2.4569589660867237,3.9040523501027167,1.9803422699446276,5.050082579616178,2.5653277432615362,3.8126815665010154
16y4y,16,20,4.5311082301096155,3.8822167938085386,1.3791774870215034,2.4140055131920315,3.8927604647540806,1.9781488640817988,5.055313704666214,2.523531439840656,3.777546973735288
16y5y,16,21,4.479976505142273,3.829886707970827,1.3660962966984962,2.3748757501039086,3.883065923688921,1.967324030329466,5.0608194163980675,2.484387057410032,3.7404831775323353
16y6y,16,22,4.428552510286629,3.7769676595585437,1.351577334534141,2.3388811972597363,3.8738010435195305,1.9512919013556624,5.065169815285983,2.4477180813420794,3.703086352027965
16y7y,16,23,4.378679616620133,3.7247824941181507,1.3362999689094077,2.305678133247623,3.864134496992111,1.9326176664564745,5.0672735413103736,2.4135552505401616,3.666643651749963
16y8y,16,24,4.331773139924653,3.674391829545228,1.3207100878987603,2.275291746456329,3.8535947211727457,1.9129489592725109,5.066401262964802,2.3821510150263143,3.632111656398466
16y9y,16,25,4.28905835985364,3.6267401099141243,1.3051498389089118,2.2479112899190237,3.8418700279261073,1.8935256876240436,5.061984527889243,2.353856429302382,3.600300126243995
16y10y,16,26,4.251203822616341,3.5824044860597213,1.2898721518740903,2.2235600251690544,3.8288724243158656,1.8752327239431168,5.053898580982931,2.32879616614391,3.5716414964259835
16y11y,16,27,4.2171854771995445,3.5408310067124056,1.274968923586848,2.201424492432254,3.815068291038549,1.8583065828547771,5.043353047285242,2.3061422213569673,3.545448227676168
16y12y,16,28,4.185939104492279,3.501440470084243,1.2605147820074671,2.1807117597155345,3.8009525146722107,1.8429159512811903,5.031590687647436,2.2850763078330507,3.5210028858002604
16y13y,16,29,4.156703683317027,3.4638578752779416,1.2466002755929653,2.1608176332870297,3.786935460761389,1.8292952034210042,5.01961671485241,2.264981874715921,3.4977854676181126
16y14y,16,30,4.128913100339788,3.4278395100430354,1.2333261972814666,2.1412592314333896,3.773373181081922,1.8177209516436847,5.008283654303667,2.245372050175146,3.475402885433042
17y1y,17,18,4.583297959093014,3.9355784497916075,1.3921855662522484,2.4547087075563843,3.9029987013364105,1.9884891017285473,5.049844797157055,2.5640956314344385,3.815155648244321
17y2y,17,19,4.536215990816642,3.8866347860956254,1.382741600446457,2.4096319740926306,3.8907015873799655,1.991137620087028,5.0547307692932915,2.520846254606979,3.781175597427497
17y3y,17,20,4.485917506806204,3.8349890067021373,1.370807822706762,2.368136367564401,3.8800959944893667,1.9846146288891298,5.0601562061343,2.4799450129306595,3.7448314634310345
17y4y,17,21,4.433300531422873,3.7813833461815984,1.3565487508816885,2.3306914501111575,3.8711439357240964,1.969467145496877,5.065827720432097,2.4419111416198787,3.706680595753405
17y5y,17,22,4.380926932339981,3.727581160444704,1.341035505447823,2.296334846696697,3.8624104771137944,1.949799967694836,5.070046538290788,2.4064035534963684,3.6685649215039438
17y6y,17,23,4.330679486053512,3.67492955061655,1.324968883733354,2.2646889971097384,3.853031267232761,1.928262015922584,5.071688098151776,2.3734326722017465,3.6318020096002797
17y7y,17,24,4.283929245625338,3.624462068747726,1.3087706033177648,2.235817288796529,3.842571984833391,1.9064057292171848,5.070060557636636,2.3432739142342682,3.5973142495056654
17y8y,17,25,4.241855604832862,3.5770951042624213,1.2927577587768098,2.2099485823995355,3.830759546973343,1.8853724523695734,5.064634318842655,2.31630214289385,3.5658759539434883
17y9y,17,26,4.205039758460396,3.533349411718831,1.2771594487527966,2.1871097001795134,3.8175522630678262,1.8659528521968192,5.055355512174151,2.2926301045409416,3.537857939956863
17y10y,17,27,4.172235984917514,3.492524091870871,1.2620371679489584,2.1664056466679877,3.803499732587582,1.848262084174275,5.043609731987571,2.2713273714355986,3.5124236999789775
17y11y,17,28,4.142235350353409,3.453944135080288,1.2474446276476248,2.146993469682862,3.78915239095621,1.8323854405194993,5.030754731955208,2.2515113612205417,3.488758284086825
17y12y,17,29,4.114205623591791,3.417187685290458,1.2334597585619012,2.1282513568880375,3.7749505928624867,1.8185071729011046,5.017852591068282,2.232539470894694,3.4662931311989507
17y13y,17,30,4.087546384979783,3.3819886911903656,1.2201754063057542,2.1096935607686556,3.7612669738152844,1.8068724425655218,5.005783458460722,2.2139167678370306,3.444611299339578
18y1y,18,19,4.489134022540259,3.837691122399652,1.373297634640657,2.3645552406288597,3.8784044734235255,1.9937861384455116,5.059616741429522,2.477596877779523,3.747195546610672
18y2y,18,20,4.437227280662797,3.784694285157412,1.3601189509340152,2.3248501975684013,3.868644641065846,1.9826773924694194,5.065311910622924,2.4378697036787704,3.709669371024391
18y3y,18,21,4.383301388866159,3.729984978311598,1.344669812424836,2.289352364296075,3.860525680519992,1.9631264934196524,5.071155361523777,2.4011829783483574,3.6705222449230983
18y4y,18,22,4.330334175651722,3.6755818381079837,1.3282479902467146,2.2567413814817727,3.8522634210581392,1.9401276841864075,5.07509697357422,2.366980534011847,3.631917239818852
18y5y,18,23,4.28015579144561,3.6227997707815423,1.3115255472295755,2.226685055020411,3.84303778041203,1.9162165987613902,5.07605675835072,2.335300080355208,3.5951312818714705
18y6y,18,24,4.234034460047392,3.572609338573749,1.2948681094953498,2.199335385669883,3.832500865416222,1.8927251671319554,5.073429851049899,2.3064702947009064,3.5610073497158896
18y7y,18,25,4.193078125652839,3.5258831977582545,1.2785537862803176,2.1749828502342696,3.820439667778619,1.870641502461148,5.066747107654884,2.280903073102336,3.5302645690433683
18y8y,18,26,4.157757483381317,3.4830707819597344,1.2627811840653655,2.153659824257404,3.806871458284253,1.850635821005351,5.056044351551288,2.258696913679252,3.5031957264209295
18y9y,18,27,4.1265624322313466,3.4432958298796787,1.24757623480415,2.1343719732359427,3.792444291615488,1.8326813044460215,5.042916946968738,2.238797564769061,3.4787868168383835
18y10y,18,28,4.098129089479446,3.4057807036091576,1.232970533787164,2.1162219458955103,3.7777677599181887,1.816775074398593,5.028845725435023,2.220252934199151,3.4561185476710743
18y11y,18,29,4.0715608658189515,3.370061252153991,1.219030139680961,2.0985734159181884,3.763309855728493,1.8030542702804262,5.0149442086965745,2.2023980017547173,3.4345783569220973
18y12y,18,30,4.046233753803681,3.33585621130693,1.2058412263102134,2.0809422985363457,3.7494559965218563,1.791737720968602,5.002111680236027,2.1847351958705805,3.4137326035975155
19y1y,19,20,4.385320538785323,3.731697447915172,1.3469402672273707,2.2851451545079486,3.8588848087081664,1.9715686464933169,5.071007079816316,2.3981425295780117,3.6721431954381156
19y2y,19,21,4.3303850720291095,3.676131906267573,1.3303559013169213,2.2517509261296875,3.8515862840682336,1.9477966709067245,5.076924671570899,2.3629760286327772,3.6321855940793095
19y3y,19,22,4.27740089335554,3.6215454100107602,1.3132314421153979,2.2208034284327436,3.8435497369363447,1.922241532766704,5.080257050955783,2.330108419422622,3.5934911375549126
19y4y,19,23,4.227911233671948,3.5690769328770147,1.2960825253768036,2.1922175086182953,3.8341961071591553,1.896824213840362,5.080166762581017,2.29972588099913,3.557115215686673
19y5y,19,24,4.183014547548815,3.5195929818085685,1.2791822044662888,2.16629141467809,3.8233201438147604,1.872512972869244,5.076192472973973,2.2722449780851823,3.523769710336936
19y6y,19,25,4.143735476171602,3.47391521031802,1.262763144886927,2.143387451835173,3.810778866837803,1.8501173964637543,5.067935502025776,2.2481207723228067,3.4941094061154856
19y7y,19,26,4.110417977787184,3.4324107333254616,1.2469931196974633,2.1235319076329087,3.7966524561215,1.8301857756567568,5.05553401014011,2.2274254902363575,3.468338609250967
19y8y,19,27,4.081240983442732,3.393996418314683,1.2318610598245854,2.105599064811829,3.781699268889486,1.812543200196086,5.040829472661139,2.2089476506427523,3.445235725616849
19y9y,19,28,4.054684096917136,3.3577906570768814,1.2173786336923298,2.088629357591805,3.7665859028620408,1.7971071783933799,5.025426723657855,2.191659162690222,3.423776658900008
19y10y,19,29,4.02980355014682,3.3232982651294254,1.20360339018499,2.07197523344712,3.7518003939589906,1.7839810834639191,5.01047695542328,2.1748781141522366,3.4033166379532407
19y11y,19,30,4.005970093009445,3.2902348557530465,1.1906179164619901,2.0551593038006617,3.737733407712615,1.7733696830161567,4.996883947400254,2.1581114066061304,3.3834177905963205
20y1y,20,21,4.27544960527288,3.6205663646199677,1.3137715354064816,2.218356697751427,3.8442877594282834,1.9240246953201372,5.08284226332549,2.3278095276875304,3.592227992720524
20y2y,20,22,4.223441070640645,3.5664693910585523,1.296377029559419,2.1886325653951473,3.8358822010504334,1.8975779759033922,5.08488203652552,2.296091364344936,3.55416510861331
20y3y,20,23,4.175441465300818,3.514870094530959,1.2791299447599518,2.1612416266550807,3.825966539976152,1.8719094029560426,5.083219990169253,2.2669203314728357,3.51877255576953
20y4y,20,24,4.13243804973969,3.466566865281917,1.2622426887760159,2.1365779797206246,3.81442897759141,1.8477490544632265,5.077488821263386,2.2407705902119757,3.4866763390616393
20y5y,20,25,4.095418463648857,3.4223587627985914,1.2459277204188406,2.1150359113006174,3.801157678463729,1.8258271464578417,5.067321186467668,2.218116420871767,3.4585026482509607
20y6y,20,26,4.06460088428749,3.382529614227175,1.2303352617758148,2.0965963664870677,3.7862803973570545,1.8066219638506642,5.052955165194075,2.19897265034608,3.434371178219777
20y7y,20,27,4.037801046965218,3.3457534140860403,1.2154211730527589,2.0799496234266686,3.770672763201101,1.789825279296479,5.036518385924685,2.1819198107948607,3.41282037278524
20y8y,20,28,4.01335454168361,3.3110523082220933,1.2011834295004502,2.064064882977288,3.7550485396312747,1.7752994948808873,5.019729179138047,2.1658487418292487,3.392730841832746
20y9y,20,29,3.99030166252032,3.27792057815323,1.1876770705136155,2.0482896866625837,3.7399021256535243,1.7631380209050962,5.003751386046275,2.1500709568827063,3.373447020454922
20y10y,20,30,3.9680350484318576,3.2460885965368327,1.1749856813854531,2.032160718729933,3.7256182676130587,1.7535497866684406,4.989471634158647,2.134108294308942,3.354545250112141
21y1y,21,22,4.171432536008401,3.5123724174971227,1.2789825237123762,2.158908433038867,3.827476642672581,1.871131256486659,5.086921809725556,2.264373201002329,3.5161022245061133
21y2y,21,23,4.125437395314788,3.462021959486454,1.2618091494366896,2.1326840911069045,3.8168059302500805,1.8458517567739956,5.08340885359113,2.2364757333654817,3.4820448372940294
21y3y,21,24,4.084767531228621,3.4152336988358982,1.245066406565864,2.1093184070436943,3.8044760503124513,1.82232384084426,5.075704340576024,2.2117576110534576,3.4514924545086805
21y4y,21,25,4.0504106782428515,3.3728068623432423,1.2289667666719328,2.089205714687918,3.790375158222587,1.8012777592422688,5.063440917253215,2.190693144167823,3.42507131213357
21y5y,21,26,4.022431140090413,3.3349222641486134,1.2136480070496816,2.072244300234198,3.7746789249428057,1.7831414175567728,5.046977745567793,2.1732052748777897,3.402799815319631
21y6y,21,27,3.998192953913938,3.2999512556637196,1.199029445993806,2.0568817777058763,3.758403597163236,1.7674587099592058,5.0287977396912185,2.1576048579794116,3.3829191027960266
21y7y,21,28,3.9759123897422857,3.2668360144509667,1.1850994143710196,2.04202319515241,3.7423000796602732,1.7540530376752814,5.0107130242541285,2.1427114867066344,3.3642312488487778
21y8y,21,29,3.9546581696762484,3.235089854844887,1.1719152624020073,2.0270313102764788,3.7268539214316796,1.7430271866032174,4.993865026386373,2.1278536355321016,3.346099398921723
21y9y,21,30,3.9338778754495207,3.204479955638705,1.159565030938673,2.0114722766164337,3.712432768522478,1.7346081301515863,4.979097119806776,2.112585935044654,3.328136056488989
22y1y,22,23,4.079442254621159,3.411671501475781,1.244635775161011,2.10645974917495,3.8061352178275913,1.8205722570613265,5.079895897456723,2.2085782657286517,3.4479874500819587
22y2y,22,24,4.041435028838728,3.36666433950528,1.2281083479926154,2.0845233940461,3.7929757541323856,1.7979201330230596,5.070095606001255,2.185449816079014,3.4191875695099663
22y3y,22,25,4.010070058987662,3.326285010625279,1.2122948476584525,2.0659714752375957,3.778007996739257,1.777993260160806,5.055613953095768,2.1661331252229896,3.3947276746760617
22y4y,22,26,3.9851807911109116,3.290559725811484,1.1973143778840103,2.050578267033032,3.761479495510367,1.7611439578242996,5.036991729528353,2.150413293346655,3.374474213023012
22y5y,22,27,3.9635450374950443,3.257467023297036,1.1830388304500945,2.036476446639276,3.744588988061369,1.7467242006537147,5.017172925684356,2.1362511893748324,3.3562824784540113
22y6y,22,28,3.9433256986979313,3.225913280609939,1.169452229480795,2.0225423221713354,3.7281039858248897,1.7345400012067198,4.998011560008892,2.122434534324019,3.338919419572556
22y7y,22,29,3.9236904030573694,3.1954780601802812,1.15661993935767,2.008191721310422,3.712479246968694,1.7247266051912968,4.980571200195063,2.108350840464926,3.321813280981097
22y8y,22,30,3.90418354287966,3.1659933979064023,1.1446378443419605,1.9930427570636307,3.6980522842537153,1.7175427393597027,4.965619033566929,2.0936125267999457,3.3046402854868475
23y1y,23,24,4.003427803056303,3.321657177534786,1.2115809208242203,2.0625870389172496,3.7798162904371857,1.7752680089847788,5.060295314545797,2.162321366429388,3.390387688937968
23y2y,23,25,3.9753839611709108,3.2835917652000273,1.1961243839071758,2.045727338268927,3.7639443861950976,1.7567037617105425,5.0434729809152925,2.144910554970164,3.368097786973107
23y3y,23,26,3.9537603032741666,3.250189133923388,1.1815405787916804,2.0319511063190623,3.746594254737956,1.7413345247452856,5.022690340218897,2.1310249692193306,3.349969800670031
23y4y,23,27,3.934570733213514,3.218915903752352,1.1676395942723632,2.0189806210053605,3.7292024306198166,1.728262186551812,5.001492182741261,2.1181694202863794,3.333356235547027
23y5y,23,28,3.9161023875132863,3.1887616364367712,1.154415520344752,2.0057588367706125,3.7124977394243484,1.7173335500357976,4.981634692519325,2.1052057880430954,3.3171058134706755
23y6y,23,29,3.8977317611300704,3.1594458199643647,1.1419506333904477,1.9918137166663363,3.6968699184922147,1.7087523298796234,4.964017083984785,2.0916462695876428,3.3007842527976208
23y7y,23,30,3.8791465840594443,3.13089652596792,1.1303524256535251,1.9768403296191566,3.6826118651717326,1.7028242368308972,4.94929376729696,2.0771888498101307,3.2841621191161194
24y1y,24,25,3.9473401192855304,3.2455263528652836,1.1806678469901195,2.0288676376205865,3.7480724819530082,1.738139514436306,5.026650647284782,2.1274997435109158,3.3458078850082416
24y2y,24,26,3.9289265533831013,3.2144551121176916,1.1665204077754083,2.016633140019956,3.729983236888342,1.7243677826255455,5.0038878530554545,2.1153767706142923,3.3297608565360513
24y3y,24,27,3.9116183765992565,3.184668812491541,1.1529924854217464,2.0044451483680614,3.7123311440140228,1.7125935790741502,4.981891138806416,2.103452104905372,3.3143457510833754
24y4y,24,28,3.8942710336275326,3.1555377511622718,1.1401241702248819,1.9915517862339491,3.6956681016711395,1.7028499352985524,4.961969537012706,2.0909268934465186,3.298785344603851
24y5y,24,29,3.876592552744826,3.1270035484502814,1.1280245759036915,1.9776590522161515,3.680280644103221,1.6954491940585923,4.944761437872583,2.0775112502192905,3.28286356556955
24y6y,24,30,3.8584330475599704,3.09910308404011,1.1168143431250754,1.9625492114028062,3.6664111276274918,1.6907502748052503,4.930793509422155,2.0630000970402547,3.2664578574791427
25y1y,25,26,3.9105129874806646,3.183383871370108,1.1523729685607005,2.004398642419333,3.7118939918236835,1.7105960508147757,4.981125058826118,2.103253797717671,3.3137138280638587
25y2y,25,27,3.8937575052561244,3.1542400423046706,1.139154804637554,1.992233903741795,3.694460475044534,1.6998206113930765,4.959511384567234,2.0914282856025963,3.2986146841209387
25y3y,25,28,3.8765813384081973,3.125541550594598,1.1266096113031345,1.9791131691050714,3.6781999749105205,1.691086742252635,4.940409166922014,2.0787359434250496,3.283111164469057
25y4y,25,29,3.8589056611096475,3.0973728473465307,1.114863758132087,1.9648569058650411,3.6633326846407743,1.6847766139641647,4.924289135519532,2.0650141268963798,3.2671274857098775
25y5y,25,30,3.840651633214857,3.0698184302750766,1.104043642352067,1.9492855261592497,3.650078856762389,1.6812724268790398,4.911622081849627,2.0501001677461184,3.2505878519733216
26y1y,26,27,3.8770020230315643,3.125096213239232,1.1259366407144307,1.9800691650642714,3.677026958265381,1.6890451719713842,4.937897710308349,2.0796027734875238,3.2835155401780156
26y2y,26,28,3.85961551387197,3.096620390206848,1.1137279326743563,1.9664704324479434,3.6613529664539346,1.6813320879715619,4.920051220969969,2.0664770162787436,3.267809832671654
26y3y,26,29,3.8417032189859737,3.06870250600534,1.1023606879892174,1.9516763270136166,3.647145582246466,1.6761701350139566,4.905343827750671,2.052267569955958,3.2515987049252106
26y4y,26,30,3.8231862946484063,3.041427070001318,1.0919613107999098,1.9355072470942272,3.6346250729970664,1.6739415208951065,4.894246337605505,2.036811760253233,3.234806357950689
27y1y,27,28,3.8422290047123657,3.068144567174466,1.1015192246343002,1.9528716998316196,3.6456789746424905,1.6736190039717307,4.902204731631567,2.0533512590699754,3.2521041251652942
27y2y,27,29,3.8240538169631813,3.040505652388393,1.0905727116266153,1.9374799079882932,3.6322048942370144,1.669732616535254,4.889066886471836,2.038599968190174,3.2356402872988146
27y3y,27,30,3.8052477185206803,3.013537355588679,1.080636200828406,1.9206532744375517,3.6204911112409595,1.6689069705363466,4.879695880037889,2.0225480891751384,3.21856996387491
28y1y,28,29,3.8058786292140026,3.01286673760232,1.0796261986189413,1.922088116144966,3.6187308138315264,1.6658462290987714,4.87592904131208,2.0238486773103714,3.2191764494323247
28y2y,28,30,3.786757075424844,2.986233749795796,1.070194688925455,1.9045440617405196,3.6078971795401893,1.6665509538186487,4.868441454241048,2.007146504227726,3.201802883229722
29y1y,29,30,3.7676355216357003,2.959600761989249,1.0607631792319832,1.887000007336082,3.597063545248845,1.6672556785385335,4.860953867169996,1.9904443311450672,3.1844293170271083
