"point","aud","cad","chf","eur","gbp","jpy","nzd","sek","usd"
"01y01y",0.187314546859001,-0.911859549638827,0.200747694029541,0.0927782905774084,-0.055879925909359,0.181761551826962,-0.338994006630845,0.080009935771586,-0.977824067183624
"02y01y",-0.0644043147969922,-1.60195318135181,0.352249253800466,-0.232542113142923,-0.627302842297805,0.288060436683432,-1.03089784553604,-0.285821363411642,-1.84483004352575
"03y01y",0.00295433628264341,-1.90419340349051,0.421726854757978,-0.329292738467841,-0.927788331121342,0.349276280368731,-1.23881219459353,-0.534006517036008,-1.95826924087485
"04y01y",0.225303407223874,-1.93970706698442,0.516022449367792,-0.314546604690128,-1.14614046349048,0.46941842401233,-1.26623294425838,-0.627314214529336,-1.93675588731237
"05y01y",0.427843304145809,-1.66959209660236,0.595394609309101,-0.292659850296455,-1.30573771406086,0.647065073655031,-1.15259817062608,-0.583289282262175,-1.84161323432259
"06y01y",0.511733801651266,-1.49929039135596,0.694594754752339,-0.244798129903847,-1.48239364199006,0.797660516510734,-1.08586366387378,-0.69275733081687,-1.83772118335671
"07y01y",0.607742033237963,-1.37915618646061,0.754067576808963,-0.17096909617848,-1.53124604274628,0.875351391741122,-1.03641385778882,-0.579568135757873,-1.80228393126599
"08y01y",0.625024101711642,-1.37020946394733,0.754005544636794,-0.102767909335113,-1.63649349513646,0.967238207826872,-1.05373346058668,-0.493763605197194,-1.71181503196271
"09y01y",0.595290924571824,-1.3967549455747,0.848196366737311,-0.0125670143666481,-1.32238069290885,1.05685208719765,-1.0388981801537,-0.593089480334948,-1.62459916469259
"10y01y",0.639811510510675,-1.28483881732616,0.911475361882946,-0.0121391500330796,-1.27973479898855,1.14774578768498,-0.975302387494397,-0.661146261264552,-1.57117538525537
"11y01y",0.686754727463341,-1.13934544144063,0.939512272691831,-0.0622358930749236,-1.35415389074151,1.23629987247124,-0.90528465091823,-0.706450917767394,-1.53297950503053
"12y01y",0.698329450175489,-1.01718745442074,0.943291937858573,-0.142756792617975,-1.41862073856439,1.31968503040387,-0.846929523211685,-0.751577968923669,-1.50870266821327
"13y01y",0.664660336917112,-0.935489383251194,0.918765312048952,-0.25711447517771,-1.46813687165406,1.39767380929101,-0.809879274993412,-0.796189788883046,-1.50576642340666
"14y01y",0.575870407979029,-0.911355932207726,0.86188075347636,-0.408730221725189,-1.49770031236841,1.47003880606472,-0.803773717703164,-0.839948658443075,-1.53159175615429
"15y01y",0.432652916648291,-0.950644973016269,0.774973309857629,-0.592660598822957,-1.50720593164299,1.53547870663077,-0.829966822879594,-0.882620293754778,-1.58815476198363
"16y01y",0.272708812658296,-1.01989803833771,0.682741121308394,-0.774647641385528,-1.51369921102138,1.58893539949131,-0.860817513392524,-0.924332715642597,-1.65837375088472
"17y01y",0.11126240240974,-1.10955293585552,0.596296119605771,-0.938211121370718,-1.52382257321719,1.62763670188308,-0.886291179008973,-0.964993959514317,-1.73673942175831
"18y01y",-0.0457132266625577,-1.21988464371646,0.521160555494571,-1.0741816447388,-1.53993325235914,1.64975117459276,-0.90360216631578,-1.00442143682667,-1.82250747702208
"19y01y",-0.192241031597595,-1.35117164569894,0.462860821416061,-1.17337412047441,-1.56438903516606,1.65344745977465,-0.909964524518718,-1.04243251418924,-1.91493371100345
"20y01y",-0.324471267297099,-1.4992757107045,0.422527853019461,-1.23537898773465,-1.59742013441626,1.63998439333292,-0.904766823763851,-1.07885268579741,-2.01164460306546
"21y01y",-0.445758437585441,-1.64511387345048,0.386419657222719,-1.28950634198266,-1.63206062886635,1.62106585213568,-0.894750192176234,-1.11353503260023,-2.10475712884135
"22y01y",-0.554482268644451,-1.77991045302463,0.351057467332621,-1.3445822926844,-1.66630832675157,1.60117702009226,-0.881581502558563,-1.14631354081929,-2.19018804291581
"23y01y",-0.647091733796401,-1.89888221067313,0.316942706679313,-1.40148547530501,-1.70008621992299,1.5820053823929,-0.864960073724967,-1.17701477267809,-2.26532683565923
"24y01y",-0.720033647240125,-1.99723938650909,0.284576995219571,-1.46109522189085,-1.73331726753717,1.56523818725448,-0.844585265511359,-1.20546526110761,-2.32756177463718
"25y01y",-0.769224915329724,-2.07128146150596,0.255551840838458,-1.52211322005192,-1.76645161390888,1.55179766125502,-0.820156489035122,-1.23148948975052,-2.3746836133673
"26y01y",-0.788833972039382,-2.12092690752622,0.235063871484581,-1.57603326163993,-1.80168361727797,1.54007634295778,-0.791373218017559,-1.2549052261835,-2.4058173337082
"27y01y",-0.774327797669738,-2.14339712067112,0.22562865748934,-1.6197054302431,-1.83991058694109,1.53035045125762,-0.757935000999492,-1.27553520032117,-2.41909427489902
"28y01y",-0.721660926487521,-2.13490115617614,0.228756292857446,-1.65198919556367,-1.88154344248443,1.52360236941953,-0.719541474643008,-1.29320399677665,-2.41227302471522
"29y01y",-0.626789205599076,-2.09164797101751,0.245956886680565,-1.67174359609444,-1.92699331151567,1.52081446080246,-0.675892377933411,-1.30773619207803,-2.38311222272619
"01y02y",-0.0417448839689962,-0.819206365495319,0.173998473915004,-0.126781911282758,-0.336921384103582,0.143990994255197,-0.530245926083443,-0.149405713820028,-0.932827055354687
"02y02y",-0.133924989257174,-1.31537329242116,0.284488054279222,-0.337817425805382,-0.772875586709573,0.227748358526082,-0.980155020064783,-0.456413940223825,-1.4230496422003
"03y02y",0.0109288717532583,-1.48425023523746,0.366374652062885,-0.378819671578984,-1.03229439730591,0.318427352190531,-1.09782256942595,-0.627160365782672,-1.46901256409361
"04y02y",0.223373355684841,-1.36694958179339,0.453208529338446,-0.360503227493292,-1.22126908877567,0.467321748833681,-1.05471555744223,-0.651801748395755,-1.41068456081748
"05y02y",0.366588552898537,-1.14674124397916,0.54249468203072,-0.325628990100151,-1.38939567802546,0.631442795082883,-0.96453091724993,-0.684523306539522,-1.36116720883965
"06y02y",0.456537917444614,-1.00152328890829,0.621831165780651,-0.264783613041163,-1.50214984236817,0.745585954125928,-0.906438760831302,-0.682662733287371,-1.34150255731135
"07y02y",0.513183067474801,-0.936982825203968,0.651536560722879,-0.193768502756796,-1.57919976894137,0.830374799783997,-0.890373659187752,-0.583165870477533,-1.27854948161435
"08y02y",0.506957513141733,-0.945782204761014,0.698600955687053,-0.114567461850881,-1.47476709402265,0.921125147512262,-0.89161582037019,-0.589926542766071,-1.18970709832765
"09y02y",0.514351217541249,-0.903096881450433,0.777335864310129,-0.069253082199864,-1.2963877459487,1.01137893744132,-0.852400283824048,-0.67361787079975,-1.11938727497398
"10y02y",0.560083118987007,-0.774392129383394,0.822993817287389,-0.0940875215540018,-1.31227434486503,1.10110283007811,-0.785593519206313,-0.730298589515973,-1.07357744514295
"11y02y",0.589342088819415,-0.640566447930683,0.838902105275202,-0.15939634284645,-1.38171731465295,1.18707245143756,-0.721407087064957,-0.775514443345532,-1.0423410866219
"12y02y",0.578294893546301,-0.538638418835966,0.828528624953763,-0.256835633897843,-1.43870880510923,1.26775941984744,-0.673704399102549,-0.820383878903358,-1.02873454580996
"13y02y",0.51706537244807,-0.485722657729459,0.787823032762656,-0.38982234845145,-1.47824859201124,1.34293630767786,-0.652126496348288,-0.864569223663061,-1.04017908978047
"14y02y",0.40106166231366,-0.493300452611997,0.715927031666995,-0.557595410274073,-1.4977831220057,1.41183875634774,-0.662170270291379,-0.907784476098927,-1.08137325906896
"15y02y",0.249480864653293,-0.547571505676989,0.626357215583012,-0.740554120104243,-1.50578257133218,1.47128705306104,-0.690692168136059,-0.949976504698688,-1.14476425643417
"16y02y",0.0887856075340179,-0.627025487096613,0.537018620457083,-0.913329381378123,-1.51409089211928,1.51736605068719,-0.718854346200748,-0.991163337578457,-1.21905658632152
"17y02y",-0.0704254121264087,-0.727018789785991,0.456228337550171,-1.06309638305476,-1.52720791278817,1.54777393823792,-0.740246672662376,-1.03120769817049,-1.3011234493902
"18y02y",-0.222177129130077,-0.847828144707699,0.389510688455316,-1.1806778826066,-1.5474911437626,1.5606793171837,-0.752083345417248,-1.06992697550795,-1.39022059401276
"19y02y",-0.361556149447347,-0.987523678201716,0.340194337217761,-1.26127655410453,-1.57623458479116,1.55579592655378,-0.752665674141284,-1.10714259999332,-1.48478915703446
"20y02y",-0.48831485244127,-1.13449479207749,0.30197375512109,-1.31934266485866,-1.6100703816413,1.5396051227343,-0.745058507970043,-1.14269385919882,-1.5797008659534
"21y02y",-0.603320353114946,-1.27481216323755,0.266238562277671,-1.37394431733353,-1.64451447780896,1.52020143611397,-0.733465847367398,-1.17642428670976,-1.66897258587858
"22y02y",-0.703987001220426,-1.40169633184888,0.231500087005967,-1.42993388399471,-1.67852727333728,1.50067120124258,-0.718570788141765,-1.20816415674869,-1.74925743928752
"23y02y",-0.786762690518263,-1.51036079859111,0.198259850949442,-1.48819034859793,-1.71203174373008,1.48270178482369,-0.700072669618163,-1.23774001689285,-1.81794430514821
"24y02y",-0.847829281284925,-1.59656042400752,0.167564418029015,-1.54850422097139,-1.74521444072302,1.46759792425475,-0.67767087727324,-1.26497737542906,-1.87262269400224
"25y02y",-0.882229443684553,-1.65840418451609,0.14280785616152,-1.60597324084593,-1.77939761559342,1.4550170021064,-0.65106485352634,-1.28969735796701,-1.91175047353775
"26y02y",-0.88478088485456,-1.69446201409867,0.127846264486961,-1.65476934594152,-1.81612710210953,1.4442933971077,-0.619954109508525,-1.31172021325233,-1.93395580430361
"27y02y",-0.85119436207863,-1.70144913842363,0.124692475173393,-1.69274731290339,-1.85605701471276,1.43605641033857,-0.58403823782125,-1.33086959854891,-1.93718364980712
"28y02y",-0.777425066043299,-1.67557456359682,0.134856589769005,-1.71876639582906,-1.89959837700005,1.43128841511099,-0.543016926288209,-1.34697009442734,-1.91919262372071
"01y03y",-0.0109451438851171,-0.654568711493716,0.137407934195995,-0.122252187011118,-0.336240366442835,0.116332756293042,-0.429868015586804,-0.185705981558688,-0.663641117194742
"02y03y",0.00171780956984113,-0.997184550608912,0.242499519308745,-0.258027152100297,-0.699660545636544,0.212218380354831,-0.738947661462648,-0.421480698325662,-0.983285057237656
"03y03y",0.165800349217442,-1.01973085569243,0.323547971144957,-0.278066397818141,-0.925805502890895,0.331886592678698,-0.779514436492661,-0.520636671275839,-0.982212787503268
"04y03y",0.335393504340316,-0.884763184980912,0.414503937809744,-0.24990152829681,-1.11067393984713,0.481348004726032,-0.728531592919412,-0.573553609202794,-0.942030101663887
"05y03y",0.462873046345012,-0.697912891472977,0.493852313623468,-0.202042358792927,-1.23904246626573,0.616658993968962,-0.651925230762894,-0.557638249612306,-0.897206116315096
"06y03y",0.528599978866956,-0.598118680587966,0.546722625399365,-0.138745045139146,-1.34929439329093,0.723383372026243,-0.618970327416428,-0.527796357257312,-0.853940048861805
"07y03y",0.556452353173809,-0.56394019866088,0.597923162727689,-0.0613346732934135,-1.2959567435972,0.809780562255215,-0.603315166176401,-0.494573740430005,-0.782899375973766
"08y03y",0.56714217893138,-0.532501075616064,0.650392424419017,-0.00839135791161327,-1.21211966234462,0.900578694236501,-0.582944676078259,-0.521766448932231,-0.705863193970224
"09y03y",0.587719054181946,-0.455546401447164,0.712228000437362,0.00511931417511624,-1.11800646087964,0.990265915784623,-0.533461739522108,-0.592662219788965,-0.646251351659497
"10y03y",0.622065229383168,-0.329023904395843,0.743926524144449,-0.0382772785753263,-1.15008647609815,1.07787689685336,-0.469472187208104,-0.645491715985205,-0.60761918616639
"11y03y",0.630348171518647,-0.21257409303752,0.746356507533118,-0.119935720290203,-1.21288716698665,1.16118623738871,-0.414331149707776,-0.69050622519137,-0.585816198883487
"12y03y",0.593386731690543,-0.136577589959886,0.720479334461295,-0.235433829840292,-1.26073597419562,1.2390992152532,-0.380494171969421,-0.735005472083264,-0.58535361592474
"13y03y",0.504827887181476,-0.114396762825063,0.664373125127647,-0.385401765241952,-1.29026437188849,1.31103044066217,-0.37483993852539,-0.778686247026967,-0.611837647181525
"14y03y",0.374177379095205,-0.142532981187235,0.585698394880794,-0.557912820644558,-1.30545181834426,1.37478430406226,-0.391819351325094,-0.821400555946817,-0.662706756340878
"15y03y",0.219308043905442,-0.208598649069832,0.497170183590598,-0.734406453859734,-1.31415923862719,1.42731693600172,-0.419325171760364,-0.863082322970564,-0.731089311542219
"16y03y",0.0598526628018257,-0.298345205969897,0.412565932136245,-0.894913469165016,-1.32506834553257,1.46540775865571,-0.443870286239092,-0.903682703994527,-0.809206883221704
"17y03y",-0.0951306186168046,-0.408769741756973,0.339272498838801,-1.02782229552798,-1.3419649535808,1.48691177875016,-0.460252623281157,-0.943049303510075,-0.894726869927947
"18y03y",-0.240375175185751,-0.538677333373299,0.281349743310031,-1.12687825098262,-1.36649747398049,1.49102767590011,-0.466411171532783,-0.981002212271104,-0.986361930363664
"19y03y",-0.373723578826712,-0.680420409951303,0.236436110552747,-1.19865315006391,-1.39720659948289,1.48146590174775,-0.463460513486268,-1.01737341086229,-1.08044514763675
"20y03y",-0.494470657842331,-0.823333345726533,0.199168325858267,-1.25572254080057,-1.43117969667806,1.46404242185362,-0.453999506166216,-1.05200041973898,-1.17219659160754
"21y03y",-0.602010813342098,-0.956535512382743,0.163973277078218,-1.31109136999069,-1.4654017251803,1.44471608487361,-0.440730589486589,-1.08472111536587,-1.25675733580546
"22y03y",-0.693435883226993,-1.07391068340228,0.130025723077168,-1.36828766329342,-1.49915393807057,1.42610686324654,-0.424008947264963,-1.11536452486833,-1.33102555107074
"23y03y",-0.765016765455417,-1.17103435289606,0.0981905142457804,-1.42746463908259,-1.53253503378968,1.40964707696747,-0.403533942757149,-1.1437565078454,-1.39252407455457
"24y03y",-0.812264178203078,-1.24504925184709,0.0708975691808698,-1.48564723452757,-1.566400832908,1.39567073048909,-0.37900499085468,-1.16971999234721,-1.43935424057089
"25y03y",-0.830362228346281,-1.29376849656777,0.0512481232707931,-1.53851730397832,-1.60193193937598,1.38404148515681,-0.350121569350724,-1.19307663875173,-1.46986507399151
"26y03y",-0.81450756539888,-1.31497506145783,0.042316273943789,-1.58180929581557,-1.6402958822345,1.37464305454497,-0.31658323122002,-1.21364814109377,-1.48239487777415
"27y03y",-0.760492643252112,-1.30521541595492,0.0459472790091169,-1.61371274063374,-1.68206578031373,1.36822242715987,-0.278089617858637,-1.23125846305861,-1.47482650744681
"01y04y",0.0430419938921309,-0.504428300366391,0.125186562988945,-0.0918007914308712,-0.313927890704747,0.117209173222864,-0.334034247754697,-0.164683039801349,-0.495219809724148
"02y04y",0.103174183213834,-0.693861437107274,0.223848291808834,-0.188160326649337,-0.626392337742622,0.233535053679881,-0.537435288753506,-0.33050784430979,-0.711167101508889
"03y04y",0.247208712325898,-0.668195739608311,0.309434667046803,-0.191224330839568,-0.840165037665686,0.360935073636707,-0.551176743337941,-0.432241836161097,-0.709389886466628
"04y04y",0.398405636564728,-0.536936435350837,0.392519847559549,-0.151643420267228,-0.991029465571921,0.492453851479804,-0.500577159136766,-0.443632240841563,-0.670393559064414
"05y04y",0.498335810186669,-0.394562034591564,0.452015621376799,-0.0986987464284739,-1.11361772348341,0.61690879743344,-0.447452288218842,-0.410244588508527,-0.614158345227
"06y04y",0.540197715293174,-0.32635274683465,0.515216060733852,-0.0286755374460217,-1.11777846819541,0.719355550819095,-0.419027290600747,-0.412694638026721,-0.559904827819501
"07y04y",0.572217142508026,-0.2727398533272,0.569436212516504,0.0294892075216699,-1.06711375744504,0.806876868612656,-0.3913869715059,-0.404791870638642,-0.493268378294166
"08y04y",0.59197031606437,-0.212787167072205,0.615797386487221,0.056672508297559,-1.02284071944384,0.897113988795186,-0.358604669788252,-0.436512566141022,-0.425942271735301
"09y04y",0.610296653180332,-0.124531664690557,0.663118984792665,0.0466752874768432,-0.968372530300825,0.985225694439436,-0.306903685444503,-0.500966157072641,-0.37516418079794
"10y04y",0.627639006266654,-0.00921527410968004,0.680761221120576,-0.014461577725922,-1.00481157498713,1.07043112496277,-0.249648959154431,-0.551741234209665,-0.345455995476457
"11y04y",0.611653730633743,0.0841554471699291,0.668362569018929,-0.11360934564895,-1.05930295333209,1.15100437955771,-0.206766791706623,-0.596441833504296,-0.335560088201188
"12y04y",0.54812827792998,0.131330564276019,0.627227828310379,-0.246215522085958,-1.09756596355746,1.22579908809759,-0.187937334696964,-0.640484177501142,-0.349353902439461
"13y04y",0.441723118550682,0.130652918296776,0.562090124172834,-0.404188234277846,-1.12133558167171,1.29311168036945,-0.191409332242174,-0.683672864180874,-0.386771673107323
"14y04y",0.303373634923839,0.0871370301456946,0.481472826062039,-0.574462395826098,-1.13525700706249,1.35060240351747,-0.210512308246065,-0.725873906838692,-0.444514922695237
"15y04y",0.147977726263442,0.0100048522685099,0.396292776566592,-0.740825251579502,-1.14581524206017,1.39553049564948,-0.235469420399219,-0.766992101434589,-0.517243852912184
"16y04y",-0.00824576079802908,-0.0901268159021567,0.3182646544562,-0.886003631992364,-1.16011101794094,1.42502268393545,-0.255468845808999,-0.806945156543205,-0.59893859016714
"17y04y",-0.157540780786878,-0.209971233993854,0.253211337383966,-1.00118646857964,-1.18104124878966,1.43778493239585,-0.26645617340183,-0.845575149081907,-0.687256303212326
"18y04y",-0.296795990785673,-0.343861468392593,0.200742221788203,-1.08901027373263,-1.20810076270195,1.436142219959,-0.268570926693646,-0.882710417353386,-0.779260729983084
"19y04y",-0.423988251281147,-0.483867920719633,0.158216449747716,-1.15661043571903,-1.23969453130006,1.42399868133388,-0.263065760754342,-0.918183443351543,-0.871180871456516
"20y04y",-0.537700926830848,-0.620795561963182,0.121736921063529,-1.21363827442668,-1.27361882748929,1.40613816198844,-0.251814648055904,-0.951829007973755,-0.95877915262046
"21y04y",-0.636591521816605,-0.745286480914329,0.0872492066135562,-1.27006733296573,-1.30759311076952,1.38745161046883,-0.236769258492782,-0.983482151801305,-1.03775844551339
"22y04y",-0.717458141252675,-0.8518283779282,0.0545322525174909,-1.32821905248305,-1.34119085703015,1.37013456274866,-0.218120832707503,-1.01297076608888,-1.10524006664488
"23y04y",-0.776046067101408,-0.937082491553599,0.0255338535554808,-1.38608179472193,-1.37503467966175,1.35485939346504,-0.195568761572252,-1.04011868742993,-1.15914738934298
"24y04y",-0.807855083069743,-0.998211219053097,0.0027053412579876,-1.44063678345645,-1.40999077141627,1.34194566068122,-0.168812493390884,-1.0647487943407,-1.19758924915293
"25y04y",-0.808261902881591,-1.03262666146986,-0.0112498343325436,-1.48836027687466,-1.44704731515309,1.33153670622249,-0.137551545673795,-1.08668347825796,-1.21876706167244
"26y04y",-0.772652975448929,-1.03771828884775,-0.0136485728720168,-1.52576787088529,-1.48718273955479,1.32379090610934,-0.101485517898368,-1.10574515383984,-1.22087421401216
"01y05y",0.0710522559428663,-0.353261059613584,0.114728172252976,-0.0721526032039876,-0.288019855375969,0.129196353309297,-0.248307032328973,-0.124484288293515,-0.379558494643836
"02y05y",0.13593610690132,-0.470747227957011,0.213497584397535,-0.139667887300238,-0.573322598592109,0.252376146246052,-0.39768096377756,-0.279037741611206,-0.551537917878453
"03y05y",0.270365376508311,-0.426187828978771,0.293861248999235,-0.12735328390735,-0.754111238681805,0.36983433725759,-0.398784166228118,-0.337787096080452,-0.543028695426501
"04y05y",0.39477932959411,-0.319391041070134,0.360316986974998,-0.0820483180808047,-0.895852271484828,0.493426722749218,-0.361768419426748,-0.329738513712689,-0.493737853644073
"05y05y",0.4687768330637,-0.210800616788192,0.426751770448901,-0.0216524000161082,-0.931100317368502,0.610913455386282,-0.316301466605812,-0.322893566873812,-0.431306509120118
"06y05y",0.511170474336673,-0.133849960932952,0.489967920963671,0.0344517400365665,-0.92589973435404,0.711049598192272,-0.280842309979476,-0.338464962674287,-0.377218939306674
"07y05y",0.546174659499088,-0.0618609709498856,0.538951424551569,0.0709641874023514,-0.900251784104329,0.798777469384373,-0.244726507388366,-0.341203680064392,-0.316270603641439
"08y05y",0.564292142886595,0.0105327754580888,0.576796296761491,0.0766066481144523,-0.877726723267952,0.887644197116923,-0.206829640472938,-0.375605646697551,-0.257554351030895
"09y05y",0.572219389927688,0.0974767915973151,0.609748250243923,0.0457373349459327,-0.844055398571472,0.97373131740975,-0.158058803354284,-0.436090883434722,-0.216344629319684
"10y05y",0.568335286609129,0.194556594270711,0.612485127591733,-0.0334953065257753,-0.879119322463384,1.05636866118316,-0.111033910864177,-0.485462719056347,-0.197743147612023
"11y05y",0.526903567836653,0.26139536313269,0.585184717186669,-0.149599596283751,-0.924613548994272,1.13391524497232,-0.0819667979412166,-0.529757525554392,-0.201139022957675
"12y05y",0.444094384875644,0.285284843753273,0.533830486909982,-0.292081945945872,-0.956522613050245,1.20444235037634,-0.0730733704360755,-0.573333885129433,-0.226217872128513
"13y05y",0.326680975322494,0.266811747466317,0.464431323259422,-0.45117281169642,-0.977562979980805,1.26603268467218,-0.0809457015955335,-0.616017083247563,-0.271825222837521
"14y05y",0.18460626260656,0.209932695373263,0.384910371948545,-0.614586245608638,-0.991922256121821,1.31644815773253,-0.099690279860007,-0.657663412836286,-0.335173433560605
"15y05y",0.0309839746912348,0.121969552675021,0.305106385536485,-0.767515025358482,-1.00526000068135,1.35312988847451,-0.120928441223118,-0.69816018398552,-0.411841824530437
"16y05y",-0.120440862097843,0.0122434051373754,0.234617294168852,-0.896058703140821,-1.02330284123601,1.37403102581494,-0.135888441399969,-0.737406662394045,-0.496539792746804
"17y05y",-0.264134312146591,-0.112799761885178,0.175353001351717,-0.999030443260248,-1.046975124805,1.38045711634382,-0.142674977156711,-0.775247125785573,-0.58581646833813
"18y05y",-0.397283246357429,-0.246871265319,0.126305270897087,-1.08030467752298,-1.07547227551188,1.37516517998565,-0.141733041866629,-0.811511042046567,-0.676506192569629
"19y05y",-0.517558947784197,-0.382670778710332,0.0854617011340353,-1.14576544363623,-1.10750286902464,1.36161602154568,-0.134004623348466,-0.846029709216852,-0.765070064297058
"20y05y",-0.623117470912704,-0.511884326872363,0.049804935894737,-1.20330966391951,-1.14128851549886,1.34397416704165,-0.120928771546994,-0.878636258600526,-0.847595677023805
"21y05y",-0.712068200519229,-0.626285477032655,0.0164097334585367,-1.26065651038297,-1.17509481139739,1.32633682062607,-0.104006704601249,-0.909163619391148,-0.920203479084172
"22y05y",-0.780683307410016,-0.721448083847804,-0.0138614236890913,-1.31796189431442,-1.20901940907971,1.31013891879049,-0.0833313097695134,-0.937437658107801,-0.980415520057543
"23y05y",-0.824652413215074,-0.794145417377103,-0.0389471856577472,-1.37298652182616,-1.24373986111762,1.29597360502356,-0.0586020094576991,-0.963281990008177,-1.02619676645419
"24y05y",-0.839566251753298,-0.841349206477706,-0.0565844684221208,-1.4230872658779,-1.28003130562991,1.28429300242888,-0.0295182896413078,-0.986519834827889,-1.05558600426539
"25y05y",-0.820917363425088,-0.86023092337939,-0.064308490129922,-1.46521694071861,-1.31876651442561,1.27540825713848,0.00422028787428186,-1.00697402102197,-1.06669609388319
"01y06y",0.0696241802275996,-0.269965948237314,0.11095593600287,-0.0547768576539642,-0.273157153144985,0.132620380509537,-0.199199804253108,-0.12332979538074,-0.317835609429315
"02y06y",0.139695427957427,-0.347848721040944,0.203175916466106,-0.0987347554466118,-0.519051505951138,0.248218687161897,-0.315436446112772,-0.233259473968984,-0.455245586776376
"03y06y",0.254600164042198,-0.309224768140197,0.270135298272161,-0.0771057214786439,-0.687249948090915,0.36141498235247,-0.319242381954544,-0.267916514266576,-0.433076418182536
"04y06y",0.353322928757063,-0.224651691820896,0.341213550268717,-0.0243181007951123,-0.753015341722166,0.479344283490623,-0.285923379547906,-0.277763674816399,-0.377464738818827
"05y06y",0.422407612638195,-0.11550698354452,0.407122369021242,0.0260831416477294,-0.775281064305177,0.592398844102732,-0.237434953420577,-0.283402349272269,-0.31653465514266
"06y06y",0.465559516524451,-0.0271325410175649,0.464475312918364,0.0644871345179849,-0.783350427085285,0.690604643905433,-0.196216033469269,-0.303929288523138,-0.265095700260651
"07y06y",0.496658791278488,0.0532179484716391,0.505924843436069,0.0814940240656301,-0.772721609847673,0.777608729554289,-0.156393676692253,-0.313732728207605,-0.210259281070078
"08y06y",0.506145175225013,0.127162415673208,0.533374465976068,0.0671364608990919,-0.762203414665638,0.864662465812603,-0.118637912893018,-0.349836337061801,-0.160839696426855
"09y06y",0.497952892936245,0.203638004296475,0.551353667449329,0.0161427421674123,-0.739071217537628,0.948462565518911,-0.0769779557457646,-0.407533845936114,-0.130802483792118
"10y06y",0.470846558282322,0.277989666389547,0.539149824636048,-0.0805395219086393,-0.769875423993319,1.02823366875776,-0.0421560628667477,-0.455788981506086,-0.124728416673957
"11y06y",0.409662775306926,0.322146462887623,0.501027451206957,-0.207624270467381,-0.808869492665456,1.10176527072549,-0.0230752505164347,-0.499653390569093,-0.139261477612183
"12y06y",0.313747387797993,0.327111880485141,0.443824759025947,-0.353620141850013,-0.837147606411403,1.16698807562746,-0.0199096718648919,-0.542743897526914,-0.173221463733479
"13y06y",0.189740274991651,0.29332901560252,0.373469528631946,-0.508857617203484,-0.857366358710529,1.22199909965894,-0.0293551123822411,-0.584884475510747,-0.225522265201615
"14y06y",0.0469233802392002,0.224048638527897,0.297485446859798,-0.661567558086267,-0.873408385962529,1.26462804140621,-0.0460359873031262,-0.625924929728446,-0.293716813134413
"15y06y",-0.103133565640154,0.126062008778435,0.224259963450315,-0.799342352421178,-0.890028356303837,1.29295230595091,-0.0628681716465733,-0.665742267620834,-0.373725620952942
"16y06y",-0.249535458012443,0.0103171920394001,0.159501021344497,-0.915483309614461,-0.910837472507729,1.30721683020173,-0.0736653998626799,-0.70422805742841,-0.459826015429228
"17y06y",-0.387400638229568,-0.116351543741752,0.104220412348534,-1.01047241816427,-0.936272325129428,1.30925710030189,-0.0771260647236867,-0.741224861624525,-0.548461730767742
"18y06y",-0.513792994263924,-0.247906422878021,0.0576615101941245,-1.08768481048666,-0.965649599580395,1.30165188038686,-0.0735708805096857,-0.776561663818488,-0.636559633084562
"19y06y",-0.626179731026852,-0.377465546676791,0.0182309168149577,-1.15217040667866,-0.997880268776732,1.28756638249715,-0.0637347303756153,-0.810068967865312,-0.720735349353746
"20y06y",-0.722343711648874,-0.497483849311295,-0.016320579947976,-1.21029358994158,-1.03155736523387,1.27062474941054,-0.0487667244616832,-0.841578463792191,-0.797360333081054
"21y06y",-0.799737495772588,-0.601092382114917,-0.047564576870456,-1.26706930225913,-1.06560127904415,1.25397340768135,-0.0298677901706341,-0.87092055385654,-0.863055788188177
"22y06y",-0.854499055786637,-0.684139589985024,-0.0743630768260193,-1.32210248363587,-1.10024293872328,1.23885417420167,-0.00706525830784344,-0.897920581810029,-0.915445312531123
"23y06y",-0.882362165427149,-0.743304707176943,-0.0947466059052151,-1.37333696744908,-1.13611545801209,1.22592506575622,0.0199414130114155,-0.922402324469589,-0.952459476164359
"24y06y",-0.878978410727595,-0.775432333901006,-0.106577575905006,-1.41837998758065,-1.17393330661087,1.21572657882448,0.0514526956433414,-0.944189227702912,-0.972090374008853
"01y07y",0.0702124449433659,-0.218064553697784,0.102471884689455,-0.0387471774431809,-0.243876994516599,0.124593382114049,-0.166701811901067,-0.0905924154346165,-0.269256798263126
"02y07y",0.132742381350886,-0.283543112884713,0.181508720490491,-0.0666823488592554,-0.469678932977613,0.236804332971179,-0.268807448180473,-0.172560064144442,-0.374112650374424
"03y07y",0.226984558403573,-0.25422907920227,0.252358308052897,-0.0352573347483589,-0.568975768779191,0.346631711616067,-0.269950353125853,-0.2164555094192,-0.342651096255402
"04y07y",0.317964154721864,-0.165749852607362,0.322322380499321,0.0100503207423213,-0.619253835617364,0.460698784089817,-0.232306094968833,-0.234618330023278,-0.287351974024047
"05y07y",0.383885771898931,-0.0514124775296785,0.382820926688469,0.046094708115922,-0.648970039510367,0.570253276726804,-0.180742053063098,-0.245923573343001,-0.22966963369807
"06y07y",0.42252664990317,0.0417881856391249,0.432520545052679,0.0675094306414188,-0.665096185868014,0.666341841976639,-0.137075103432471,-0.269964814294643,-0.182110981396739
"07y07y",0.444373297798292,0.122331186796949,0.464544910380767,0.0657499527451528,-0.663059504391444,0.752058026659535,-0.0976487621638471,-0.284740879732668,-0.134688872832446
"08y07y",0.439820208475587,0.189159794547361,0.479946792761824,0.0317840776670515,-0.658267257194605,0.837013371562905,-0.0644144564373237,-0.321938097259126,-0.0960185621022029
"09y07y",0.412338610609394,0.249097578966083,0.482942187793372,-0.0382005922597832,-0.639797605266966,0.918190585677748,-0.0324477939077408,-0.377489052767352,-0.0783528092480483
"10y07y",0.366255451764605,0.30293427999994,0.45930572416067,-0.14706925326248,-0.667128822140184,0.994202487433985,-0.00700769865614337,-0.424809514954159,-0.0831777501326374
"11y07y",0.290748436321614,0.327975120210031,0.414280118121073,-0.279365249167857,-0.701998504172846,1.06275833231943,0.00570818827034536,-0.46821632898984,-0.106829755347344
"12y07y",0.186110157160771,0.316469519884912,0.354515587092893,-0.423928927976983,-0.728538412975366,1.12182280405107,0.00594854321355243,-0.510783545998307,-0.14819089420328
"13y07y",0.0588858026217589,0.268757492559455,0.285882570458248,-0.571159974813616,-0.749362455347033,1.16950315110404,-0.00305645697316592,-0.55233419532196,-0.206223900316162
"14y07y",-0.082418712265985,0.188216588637554,0.214991504882607,-0.710912048036036,-0.76783149288449,1.20411894882431,-0.0166118210832291,-0.592714609166868,-0.278492211695991
"15y07y",-0.228365690203767,0.0833940256028756,0.147068491132087,-0.836737208072818,-0.787025823812767,1.22569424112017,-0.0296084602936677,-0.631798376903606,-0.360372979222713
"16y07y",-0.369385002388444,-0.035072471541175,0.0865090850570855,-0.944154592910167,-0.809754737399706,1.23507971447181,-0.0369819859620915,-0.669468840769964,-0.446377733641596
"17y07y",-0.500785080453401,-0.160641639017664,0.0342521686815025,-1.03370285489866,-0.83638145295708,1.23408971202918,-0.0375737802952978,-0.705566277489321,-0.533085317180812
"18y07y",-0.619541658974811,-0.28745398911103,-0.0102791348022404,-1.1084005835444,-0.866309266431362,1.22517563851081,-0.031615792652782,-0.739919320574077,-0.617488510449222
"19y07y",-0.722900471641549,-0.409082105938101,-0.0482232368959707,-1.17239080858913,-0.898669032367038,1.21118227946256,-0.0196949816126875,-0.772357613848913,-0.696370815641396
"20y07y",-0.808128034561804,-0.519047143341999,-0.0807656583147538,-1.22991354304135,-0.932568258383024,1.19498640563158,-0.00275336639823642,-0.802710858419521,-0.766497047456361
"21y07y",-0.872393253186466,-0.611064487622946,-0.108894114819057,-1.28481732054255,-0.967209751600858,1.17932441390653,0.0182226082823869,-0.830808360494344,-0.824704143432584
"22y07y",-0.911807894458192,-0.681034099440897,-0.131417452585524,-1.33660058533984,-1.0028501535463,1.1654010592328,0.0432524250728479,-0.856475355376689,-0.86863498570028
"23y07y",-0.922137456880281,-0.725568030582738,-0.146431821250104,-1.38333791439842,-1.04009086565546,1.15392069361997,0.0726365857335836,-0.879535734127937,-0.896195582816049
"01y08y",0.0606889020393999,-0.193295167478977,0.0886010921828717,-0.0275497689296724,-0.228902807094081,0.120308985328152,-0.150743267986769,-0.0695638141549386,-0.225989077475574
"02y08y",0.111685949253503,-0.253907091970962,0.169532176271343,-0.0407179320476798,-0.387215402969018,0.229695302249488,-0.238231289677126,-0.153701241168255,-0.306835964664195
"03y08y",0.199712927416961,-0.214267796467756,0.239435439781653,-0.0131675616589493,-0.468769397555361,0.337155971124682,-0.23128185742192,-0.20061685339987,-0.272629132380397
"04y08y",0.285187976314549,-0.11866180121152,0.304158617023385,0.0202145440151655,-0.522065092507881,0.448033920137495,-0.189590914462508,-0.222172403491293,-0.219467915399857
"05y08y",0.3443162316835,-0.00334684964106069,0.357567303084732,0.0416882705241846,-0.55612512689212,0.554317245936438,-0.137177986831672,-0.237705372790584,-0.16596126301247
"06y08y",0.373918360779914,0.0884159895278347,0.397988640927214,0.0461314424140276,-0.576425021591271,0.648143337890934,-0.0943381248775887,-0.264317936118193,-0.123980411647979
"07y08y",0.381935436570884,0.161907796921365,0.418899390767716,0.02563993093636,-0.578338355388563,0.732190624085183,-0.0590768816062619,-0.282716852071469,-0.085714233247677
"08y08y",0.360049296997175,0.215471698601907,0.421512607398799,-0.0270715068941998,-0.575333341500653,0.814706538446389,-0.0332710022426079,-0.320598371821082,-0.0589480870873809
"09y08y",0.316009885865507,0.259260626803109,0.412604554482749,-0.111056473400502,-0.559984055986267,0.892418687404443,-0.00915650884333896,-0.374419510626757,-0.0522679269526316
"10y08y",0.255506320595246,0.295160878018007,0.381117023591307,-0.22676198677601,-0.585164291024809,0.963766764240122,0.00991936629975232,-0.420907570524179,-0.0662854590858464
"11y08y",0.169815728448592,0.303280149719219,0.33232767279276,-0.359517298614226,-0.617689097696133,1.02651743760359,0.0188818939470794,-0.463816967469443,-0.0977019705566859
"12y08y",0.0599412585659755,0.276801874186931,0.272746241383289,-0.498409577039161,-0.643968490749203,1.07866088601652,0.0182969097470185,-0.505814667022174,-0.145446246303301
"13y08y",-0.067908831118098,0.216540842151461,0.2076507307784,-0.634987351428746,-0.666318415230686,1.11869830638265,0.0110672471779978,-0.546724006631391,-0.208313988159825
"14y08y",-0.206711177930917,0.127837780876551,0.141107523925121,-0.764036334779364,-0.686808884882221,1.14662231173824,0.000458382530145407,-0.586392162096039,-0.283187826339161
"15y08y",-0.348005262508852,0.019268465774438,0.0772546131571534,-0.881017843649266,-0.707884886680117,1.16301458849168,-0.00926759057677984,-0.624687772393066,-0.36551236218435
"16y08y",-0.482973343814439,-0.0992611889326693,0.020000787759864,-0.982120953209523,-0.731994922715116,1.16883042296194,-0.0136417469324517,-0.66148708225848,-0.4501588713938
"17y08y",-0.607066151301741,-0.221428857454092,-0.029769728001239,-1.06792690077269,-0.75944717977959,1.16586827143234,-0.0116127159473054,-0.696628650441606,-0.533807374362858
"18y08y",-0.717127066019174,-0.341644923160397,-0.0723627628471533,-1.14091466310784,-0.789775809866051,1.15638839135383,-0.00334587970057409,-0.729940591721132,-0.613550398313981
"19y08y",-0.810017159191277,-0.454275206136617,-0.108124848348402,-1.20364611522048,-0.822494605480904,1.14267903739946,0.010682738836703,-0.761251065390736,-0.686464130399747
"20y08y",-0.882778004950295,-0.55330339050814,-0.137778868839242,-1.25943752894157,-0.856934799452783,1.12729191133483,0.0296864292766061,-0.790388901157227,-0.749484200886693
"21y08y",-0.932426712349098,-0.632756571192095,-0.162000313859494,-1.31151380492019,-0.892450212961304,1.11274415834566,0.0528395979167122,-0.817182815029632,-0.799562753592913
"22y08y",-0.955055558350802,-0.688573333387974,-0.179558160177263,-1.35929346168417,-0.92931679829247,1.100212734429,0.0801968246970644,-0.841457959964356,-0.834357140328518
"01y09y",0.0480335712096691,-0.177990698378503,0.0882783449111428,-0.0164961295337807,-0.170490349962389,0.116683774424763,-0.134738258227539,-0.0738444437304953,-0.192790198277466
"02y09y",0.0983110116154107,-0.219432839232651,0.167248085783744,-0.0281536229349459,-0.306474224748966,0.224015356186765,-0.205439189434601,-0.156195132290066,-0.258718122507658
"03y09y",0.181773127422115,-0.16803197924252,0.232499532327229,-0.00923070959405736,-0.387235452353822,0.329375293496521,-0.191482167810399,-0.202931749440705,-0.224068062674856
"04y09y",0.259037028965764,-0.069475762679212,0.290451208227295,0.0114955066114835,-0.441772386514161,0.43719848794487,-0.147939648767973,-0.227106355206001,-0.174116221268014
"05y09y",0.307854465598346,0.0421039799578127,0.335200415191868,0.0178768543350856,-0.477549765199003,0.540337975198056,-0.0972336855163096,-0.245870307911969,-0.126228503056269
"06y09y",0.324301921579815,0.126352442668328,0.364809986766008,0.00498014639855926,-0.49887894278873,0.631779501021355,-0.0584754129693197,-0.274388016376514,-0.0917816721486804
"07y09y",0.315515156579485,0.187313044706072,0.373740937333262,-0.0336712390368974,-0.501635863861277,0.713759299923581,-0.030042430636632,-0.295483901147392,-0.0640520697738935
"08y09y",0.278289243181744,0.227230616719727,0.365815775610977,-0.100746632948792,-0.499686215891844,0.793046411895824,-0.0105317257037099,-0.333791076690139,-0.0480620497315303
"09y09y",0.221204609925977,0.256192453174372,0.348292506163085,-0.193573656508303,-0.487167224567481,0.866424022346514,0.00807297224936843,-0.386150004947598,-0.0508314263754857
"10y09y",0.14998192645549,0.275844708936399,0.311955193802781,-0.311530837660765,-0.511339731173069,0.932301698723748,0.0231058626758038,-0.4318535556689,-0.0728212388565397
"11y09y",0.0575316439990159,0.268474394672757,0.262109133750904,-0.440556945487579,-0.542967979637237,0.988490773400378,0.030365625228657,-0.474218694882754,-0.111016608384104
"12y09y",-0.054826799863255,0.228482142532328,0.204666420453975,-0.570906178227549,-0.569997562267765,1.03334460905168,0.0304231615791446,-0.51559666910831,-0.164201619276874
"13y09y",-0.181947676281136,0.158712540417912,0.142791722605546,-0.698322794823625,-0.593713105634648,1.06683136702188,0.0251097539164169,-0.555814120627929,-0.230429892679994
"14y09y",-0.317407965787976,0.0648879771097528,0.0797130731926208,-0.819152552324368,-0.615732156201038,1.08944283488868,0.01714283974251,-0.594716759731956,-0.306476739292121
"15y09y",-0.453292648207468,-0.0448371649419581,0.0191644013262824,-0.929458691611015,-0.638219479262658,1.10188356559181,0.010344355740088,-0.632168550202513,-0.388002859237115
"16y09y",-0.581368933083959,-0.161125433107827,-0.0353240780779465,-1.02595142750745,-0.663342961028678,1.10519017455,0.00872008433655935,-0.668040213241717,-0.470159193976399
"17y09y",-0.69713934730485,-0.277945813459854,-0.0827895536857171,-1.10900315847038,-0.691426561349511,1.10106375919042,0.0132379759318253,-0.702168743698152,-0.549749178696685
"18y09y",-0.797150055576975,-0.390320699201044,-0.122926470143627,-1.17987228516696,-0.722300010689597,1.09133483042094,0.0237844160419822,-0.734381106661395,-0.62409116891334
"19y09y",-0.878107230133328,-0.49293319664045,-0.155763347699764,-1.24048603911188,-0.755630825643147,1.0780680833837,0.0399696566326808,-0.764504858160784,-0.690378590899666
"20y09y",-0.936931662898876,-0.58001425336014,-0.181774961984055,-1.29366549189958,-0.790870204234077,1.06364085112202,0.0611277732855386,-0.792368356226051,-0.745638514645419
"21y09y",-0.970522544932429,-0.645833393394919,-0.201393958243932,-1.342150448384,-0.827489446134012,1.05039974750752,0.0865582672666987,-0.817799856923898,-0.786912694607722
"01y10y",0.0453613651397706,-0.151855510273268,0.0848480466083232,-0.0167504315837101,-0.151459794865005,0.113872975750785,-0.117074671154224,-0.0740746254839011,-0.169688716975255
"02y10y",0.0953053832002047,-0.174604099453448,0.158724504474552,-0.0322518499489437,-0.28128719134822,0.219326807815212,-0.173703735582962,-0.152720710837799,-0.225204260759946
"03y10y",0.171578759697453,-0.116127526760341,0.217828772880363,-0.0232733178964488,-0.360418980974878,0.322489267187256,-0.155306903350527,-0.199296371389002,-0.191591523228698
"04y10y",0.237749359760899,-0.0192571247364093,0.267532618609461,-0.0160554915674358,-0.414453835028151,0.427329020079484,-0.112413611390516,-0.225514698573706,-0.146341241481879
"05y10y",0.272806059836415,0.0835779887412595,0.302118449020317,-0.0254738532709418,-0.449609819915943,0.527391058284723,-0.0661676887349945,-0.246778142965079,-0.105824828366071
"06y10y",0.273287021086664,0.155472701099868,0.32007631907517,-0.0554739281235923,-0.469756641674155,0.616232421582297,-0.0339045539603466,-0.27671124411434,-0.0804789811321744
"07y10y",0.249384522187366,0.203411936401694,0.318890955730776,-0.10845887927176,-0.472887198577287,0.695359909880354,-0.0113999389122208,-0.299868782596913,-0.0625442378849761
"08y10y",0.199736559104545,0.230372261462203,0.303113810010456,-0.185183081790984,-0.472144851624378,0.77058844089455,0.00361232896576436,-0.338411364972557,-0.0559897869342083
"09y10y",0.132662826267125,0.24540474348529,0.279829311096234,-0.282324455331353,-0.462488827346647,0.838839737571138,0.0186254583928545,-0.389477148135504,-0.0670590314401447
"10y10y",0.0539096306501818,0.249963073472866,0.241295756564109,-0.398405165942129,-0.486689661572369,0.898499274828838,0.0315188239563522,-0.434411451520933,-0.09609248607123
"11y10y",-0.0425186471305947,0.228519384135033,0.192401005677761,-0.520729149712286,-0.518458195115139,0.947723135393632,0.0385723803294074,-0.476182093974219,-0.14013940785224
"12y10y",-0.155769963635473,0.177942540934048,0.137091744130849,-0.643456194603059,-0.546248868927623,0.986199733360076,0.0396258262036069,-0.516890505457503,-0.197317170233322
"13y10y",-0.281051135517467,0.101670241073659,0.0778682970782543,-0.763638744609703,-0.571017627746341,1.01434893232891,0.0361606282689184,-0.556364062647065,-0.265465707703575
"14y10y",-0.412226342588819,0.00533095833146557,0.0176860365412901,-0.878075844622432,-0.594212562573233,1.0327820896391,0.0306525483957634,-0.594446561026569,-0.341421748928831
"15y10y",-0.541816748110734,-0.10325738709867,-0.0400443392843886,-0.983312344638998,-0.617774258090109,1.04230202775808,0.0265713936149439,-0.630998221293023,-0.421018750777121
"16y10y",-0.662004531308535,-0.21532103594764,-0.0919864861863056,-1.0762576067619,-0.643698826316697,1.0439339232205,0.0275524269993914,-0.665885140892597,-0.499671635915488
"17y10y",-0.768158809778303,-0.325423922866491,-0.136754211168687,-1.15639616878734,-0.672497266942357,1.03904801756715,0.0344968565368884,-0.698942391946687,-0.574415994197837
"18y10y",-0.856717829786251,-0.428808341348051,-0.17382095738033,-1.22454559967457,-0.704106068314747,1.02931939250461,0.0473324743378356,-0.729996516027372,-0.642651479511907
"19y10y",-0.924312599768748,-0.520309992594019,-0.203061383644043,-1.28232635475706,-0.738267087327275,1.01670451198728,0.0657385435051134,-0.758874772022371,-0.701628034281222
"20y10y",-0.967767417168896,-0.594357625125876,-0.224751777117592,-1.33216330231906,-0.774527514962236,1.00344121209006,0.0891457581636432,-0.785405139811249,-0.748445885453496
"01y11y",0.0433521342612639,-0.127594011395528,0.078784574515623,-0.0215532105926366,-0.146601118405898,0.111322448136474,-0.102101092314417,-0.0721534303442168,-0.152215221364454
"02y11y",0.089808034562763,-0.137169275466611,0.146288596681899,-0.0429654908831267,-0.270486646829083,0.214770037098012,-0.14827704836722,-0.147752330771058,-0.200476912367149
"03y11y",0.156086639264045,-0.0765816574574631,0.19779005652267,-0.0451993419771979,-0.346926104043288,0.315643980062337,-0.128184451045164,-0.194149460359368,-0.169652946901778
"04y11y",0.208169918509172,0.0136762944773356,0.237804047315251,-0.0524209313642299,-0.398736284156658,0.417531482398335,-0.0886354986005848,-0.221962382305465,-0.130864084654453
"05y11y",0.227019873911391,0.103591030292621,0.261345034632508,-0.0777040217399416,-0.431560417625068,0.514446053545466,-0.048974942111605,-0.245172025871414,-0.0991730732609315
"06y11y",0.212916738321617,0.162654126498499,0.269285626632444,-0.12152109365713,-0.450466008257841,0.600070628621491,-0.0224494278176453,-0.276175974360544,-0.0825149384029435
"07y11y",0.176510247481478,0.198084804271266,0.260349387073665,-0.184558638335937,-0.454232274733035,0.675523009109886,-0.00430647464811695,-0.300924758787584,-0.0733347782576348
"08y11y",0.117105223854158,0.212564035429825,0.239176021499629,-0.266668870023238,-0.455022021061477,0.745922989369126,0.00776731548579601,-0.339547786157474,-0.0751732824172788
"09y11y",0.0428083935533188,0.214294746179678,0.212708319388654,-0.363996707399538,-0.448467070155078,0.808305648637106,0.0208372187647017,-0.389426777884024,-0.0936386168755283
"10y11y",-0.040806351162038,0.204974676622424,0.17401118177794,-0.475161432251174,-0.47347065574666,0.861317676467585,0.0330309784365062,-0.433587069289702,-0.128824565818515
"11y11y",-0.139494528261685,0.172222398792941,0.126278844990647,-0.591285722428409,-0.505500276644641,0.90434677323583,0.0403539052836113,-0.474713321229309,-0.177331997053605
"12y11y",-0.252334255180575,0.113989215921669,0.0727829535943549,-0.707862667847452,-0.533877952645556,0.937517423019559,0.042508736952672,-0.514700832415846,-0.237078227770448
"13y11y",-0.374645271905292,0.0338351471714518,0.0158421143962404,-0.822292548091728,-0.559465723678156,0.961364727745835,0.0408695959969192,-0.553376905484429,-0.305862242992808
"14y11y",-0.500526543192314,-0.0626875803974483,-0.0418113689518849,-0.931745343247468,-0.583573032394801,0.97659785301524,0.0377145059498334,-0.590583766595753,-0.380570911286492
"15y11y",-0.622807936220382,-0.168135355788197,-0.0969321791916944,-1.03296197945899,-0.608004968898481,0.984030476214359,0.0362251631014736,-0.626178387623702,-0.457215625578583
"16y11y",-0.733852198828353,-0.274524622561829,-0.146014855407426,-1.12235949426053,-0.634775667592569,0.984448443153178,0.0397336726343855,-0.66002247238995,-0.531548586644454
"17y11y",-0.82903734522181,-0.376660902773957,-0.187570533936431,-1.19918292961122,-0.664431247221634,0.979122538768297,0.0490866283064797,-0.691949970997093,-0.600704997918482
"18y11y",-0.904757647848834,-0.469874377348559,-0.220983245459006,-1.26407184544694,-0.696951326245929,0.969664872180702,0.0642456923397488,-0.72178724711185,-0.662117143641837
"19y11y",-0.957582736843063,-0.549125588921381,-0.246001760805734,-1.31839565920655,-0.732138604351068,0.957943352745219,0.0849465821926918,-0.749361315771065,-0.71308121143312
"01y12y",0.0386885270090422,-0.109529754639255,0.0716853631454708,-0.0280356728484619,-0.141622106544874,0.108729518899998,-0.0906576073979988,-0.0705132031223004,-0.138842270885611
"02y12y",0.078467342847218,-0.111498907440286,0.131520164647089,-0.0571934033280552,-0.259310185356932,0.210055540355335,-0.129898046428213,-0.14352984684352,-0.18283746723753
"03y12y",0.131823569745221,-0.0539491366782787,0.173989456286746,-0.0718757457099106,-0.331843307862815,0.308553737803775,-0.110971035775473,-0.189707121429473,-0.156734276623242
"04y12y",0.167631784775691,0.0255132325279082,0.203426660878384,-0.0938230674061704,-0.380128107906287,0.407403939992279,-0.0769005881326459,-0.21875826948937,-0.125891403382306
"05y12y",0.171582235228559,0.102163984915133,0.217319883540101,-0.132164820464121,-0.410758003533861,0.500697021282194,-0.0431159688938241,-0.243509811248809,-0.102692892013336
"06y12y",0.145200493417221,0.14883391497737,0.217395009398157,-0.185960759720309,-0.428931741796888,0.582411323634531,-0.0209237195923988,-0.275318534353154,-0.0939534076329793
"07y12y",0.0987465743910674,0.172117727280662,0.202942159460009,-0.255076052623222,-0.433726709327645,0.653418878474699,-0.00573526146256587,-0.301290543187303,-0.0926855987717605
"08y12y",0.0320813189881051,0.174449772344135,0.178674929843934,-0.338609804647883,-0.436488625362627,0.718260217477494,0.0048021829766105,-0.339862574723251,-0.102073080416549
"09y12y",-0.0470432950959569,0.163694251781036,0.151051788875823,-0.432994061181178,-0.433232511969277,0.774322399602997,0.0172160693785122,-0.388619998106602,-0.127058878008445
"10y12y",-0.133797408609062,0.142997674458055,0.112570396416273,-0.539405671815845,-0.459039173299068,0.821340213347833,0.0292284017099673,-0.431990460795376,-0.167072041687507
"11y12y",-0.233321890205322,0.101741704816517,0.0658689052037464,-0.650442600370122,-0.491253633945986,0.859126149381773,0.0370384754546205,-0.472421067424937,-0.218656429825877
"12y12y",-0.344475761976967,0.038446974047142,0.0139881080360367,-0.762046732222629,-0.520081328044443,0.887934941875244,0.0403988568873928,-0.511634722000828,-0.279685374044935
"13y12y",-0.462672686761602,-0.0432240202935539,-0.0409048038505468,-0.871908267995369,-0.546306038792174,0.908397704946128,0.0405942116957529,-0.549458663016157,-0.347923632913594
"14y12y",-0.582163124448838,-0.137873360148118,-0.0961725931180879,-0.97732483006822,-0.571165600646742,0.921241359276463,0.0397377771922773,-0.585733638088446,-0.420333398743648
"15y12y",-0.695888489450373,-0.238670941424659,-0.148407333284069,-1.07460008339445,-0.596497542722539,0.927077820684218,0.0407711521660783,-0.620313352066815,-0.493185530206474
"16y12y",-0.796470215643541,-0.33806695372923,-0.19418605431476,-1.16018715267946,-0.624222930664047,0.926650466069788,0.0467738039894199,-0.653056260947347,-0.56243048961609
"17y12y",-0.87933436057236,-0.430983880215766,-0.232018123352339,-1.23329894886097,-0.654876616619302,0.92120604689714,0.058546807218546,-0.683795534375185,-0.625255429101965
"18y12y",-0.940838661239761,-0.512825133145931,-0.26121305942944,-1.29442665508795,-0.688474178144176,0.912304193473755,0.076080040641509,-0.712357387088827,-0.679119829182622
"01y13y",0.0312512602339501,-0.0975214141795253,0.0634942618731287,-0.0360408662725673,-0.136180134822826,0.106085772671359,-0.0826617270943997,-0.0690635210585957,-0.129184956209086
"02y13y",0.0611401726277974,-0.0974826743771322,0.114350651061345,-0.0746184441419984,-0.247089395319675,0.20518402299734,-0.118414012561501,-0.139829566767416,-0.171782470745292
"03y13y",0.0993753442774352,-0.0473820429667065,0.146867886142666,-0.102319866117385,-0.314774248346228,0.301139274531751,-0.102957780049467,-0.185737176793811,-0.152038218318975
"04y13y",0.120125688614023,0.0206406774296632,0.166945906646544,-0.136577935572592,-0.359844316030846,0.396497668310411,-0.0738812661109272,-0.215762268994318,-0.12896933447358
"05y13y",0.111353303628321,0.0844986875165006,0.173120804357157,-0.184552129163406,-0.388896786009823,0.485591381992776,-0.044654976476358,-0.241737633993163,-0.113583452507883
"06y13y",0.0749258781815234,0.119091568507724,0.16741049252527,-0.244669190274356,-0.406911827417384,0.562721082064909,-0.0255014376832579,-0.274132415113508,-0.112113778869383
"07y13y",0.0207739679316115,0.130485318173649,0.149584805345557,-0.316098112625938,-0.413219165353999,0.628550846931364,-0.0119707346559466,-0.301030506142152,-0.118053204072978
"08y13y",-0.0509347474941624,0.121245354770273,0.124081749669441,-0.397975796591797,-0.418309480097844,0.687368770130733,-0.00184403973094849,-0.339437009991347,-0.134157871134476
"09y13y",-0.1333026351324,0.100098861731569,0.0958059121760511,-0.489263368333916,-0.417968490384758,0.737663204308334,0.0103854424544698,-0.387111735176196,-0.164384186278986
"10y13y",-0.221746726918267,0.0706253611584979,0.0575644583756902,-0.591726082050667,-0.444424462218813,0.779534352992534,0.0224867253464049,-0.42966743213653,-0.207891023065387
"11y13y",-0.320739284172657,0.0233912539779624,0.0118311772061801,-0.698598876302354,-0.476759186906078,0.812938937200835,0.0309745956363612,-0.469349625322187,-0.261287288481069
"12y13y",-0.428953774534462,-0.0426005879503806,-0.0385484595224554,-0.806203440057425,-0.505925600505744,0.838241884491854,0.0356437791291961,-0.507735344040665,-0.322409001527734
"13y13y",-0.541842571881017,-0.123684742341552,-0.0914515439086181,-0.912307780629267,-0.532681821686089,0.856096702249635,0.0377032432966251,-0.544651614873499,-0.389022920385737
"14y13y",-0.653649826416133,-0.214872244208862,-0.14404396241357,-1.01376307189559,-0.558339263657158,0.867050743300924,0.0391267861409208,-0.579937417742765,-0.458257605793547
"15y13y",-0.757511226850653,-0.30964464332143,-0.192986431335648,-1.10691501101235,-0.58466313093198,0.871690100623455,0.0426528412719733,-0.613444074810311,-0.526527030312373
"16y13y",-0.846304599399561,-0.400741272795267,-0.235003124951047,-1.18840182614626,-0.613458324073629,0.87077653622259,0.0511470988286336,-0.645027436581224,-0.589920742830188
"17y13y",-0.915496754650129,-0.483183575309097,-0.268601912230111,-1.25740920727771,-0.645250177957806,0.865536464015756,0.0653721092485648,-0.674520011691642,-0.645669856048763
"01y14y",0.020962936855498,-0.0914450561466857,0.0541742708691335,-0.0454545878862946,-0.130035673575723,0.103385613752441,-0.0780470220201765,-0.0677399460613115,-0.122963556867964
"02y14y",0.038487106126162,-0.0942154435307887,0.0951903862854258,-0.0944145085577497,-0.233701816842411,0.200079696238428,-0.113116508895087,-0.136499248170338,-0.166558606496536
"03y14y",0.0625666152301108,-0.0526400761726387,0.118796948250278,-0.13313633200365,-0.297015843179808,0.29299933643899,-0.100967913741978,-0.18210720190112,-0.15324029987932
"04y14y",0.0703029056677602,0.00411995722986092,0.131266181453692,-0.176630502210998,-0.339589717615226,0.384310795118587,-0.0757878412002251,-0.212892019220999,-0.137416741370995
"05y14y",0.0509445746758734,0.0555358446061431,0.131633189034176,-0.230890147928761,-0.367717773962987,0.468620277302903,-0.0498856427757532,-0.239828249385095,-0.129256140635975
"06y14y",0.00665283640848635,0.0782801625278169,0.122166489898959,-0.293798310084329,-0.386192868327645,0.540504733454304,-0.0325546680538,-0.272624194522742,-0.134493317541751
"07y14y",-0.0530760970878257,0.0782812111457782,0.102733139775182,-0.364554085643672,-0.394409046358087,0.600670724655889,-0.0196191794745184,-0.300202434164209,-0.146916418949519
"08y14y",-0.128326130718068,0.0592842335036448,0.0764725740904502,-0.444449603201113,-0.401610088223806,0.6539360432555,-0.00950034621647688,-0.338342926795806,-0.168521647347758
"09y14y",-0.212576585743503,0.0300198771409805,0.0476905685687234,-0.533150630583205,-0.403739719053457,0.699217386988742,0.00279622221410314,-0.384953636483099,-0.202691148130123
"10y14y",-0.301318204198377,-0.0058463560803359,0.0097438785645807,-0.632359092078802,-0.430718685268753,0.736728336645545,0.0152203726732987,-0.42666258593618,-0.248457410342025
"11y14y",-0.398450001180576,-0.0567321110219732,-0.0350345761970887,-0.735855954354357,-0.463117433022225,0.766549222329081,0.0245573099578014,-0.465542514496398,-0.302485009583583
"12y14y",-0.502448547094367,-0.123298969598068,-0.0838888927580443,-0.840132906281286,-0.492567270391323,0.78908477867078,0.0306378929494517,-0.50304526963805,-0.362606731607638
"13y14y",-0.608674505824001,-0.202137501962746,-0.134476611784758,-0.942509796925711,-0.51992890458515,0.804827015281773,0.0346062004633181,-0.538997216585181,-0.426686350571561
"14y14y",-0.711459372580205,-0.288416626064169,-0.18398637282473,-1.03983772228752,-0.546484169962794,0.814303918279388,0.0383165057485977,-0.573236174545047,-0.491924054249587
"15y14y",-0.804140182184958,-0.375812713490484,-0.229209548583224,-1.12864193470456,-0.573901536399653,0.818129887090446,0.0443330945386089,-0.605611555854588,-0.554829859146797
"16y14y",-0.879814619488341,-0.45731292763343,-0.266996435953014,-1.20571929165252,-0.603886349247702,0.817082440959852,0.0553384120347653,-0.635976977163391,-0.611612534914123
"01y15y",0.00847876603873132,-0.0904385524712823,0.044126936801105,-0.0556334864837238,-0.123344379574761,0.100553732157963,-0.0762053800832225,-0.0665022588407314,-0.119605485636062
"02y15y",0.014171717092017,-0.0976411183845407,0.0762598319530288,-0.11346188194792,-0.220532331915562,0.194365322002253,-0.110993613867334,-0.133458435601677,-0.164975464549469
"03y15y",0.0258828315724653,-0.0648144353514546,0.0925296230067159,-0.160506482496439,-0.280300313976854,0.283670406348896,-0.101353169432196,-0.178736608675189,-0.157769423098306
"04y15y",0.0226383273761179,-0.0191938513665182,0.0991585363891552,-0.210165742914504,-0.321109975392708,0.370368732630498,-0.0790058342136808,-0.210097603327899,-0.148718638841455
"05y15y",-0.00519796854531229,0.0200418433858465,0.0956144278590401,-0.267420910633455,-0.348993213504413,0.449304001681319,-0.0552546062310366,-0.23777215663856,-0.147263827087527
"06y15y",-0.0553522733081726,0.0313962691123706,0.084089977439731,-0.330268853129335,-0.368438708194773,0.515498622993178,-0.0387325164402208,-0.270809716874242,-0.158599251670385
"07y15y",-0.119185089257287,0.0216747036394036,0.063544970937756,-0.399916067267923,-0.378416507319858,0.570392312034841,-0.0259916183270521,-0.298861563659799,-0.176401648036027
"08y15y",-0.196666709382781,-0.00504224746486459,0.0366776303059997,-0.478156947034984,-0.387420659586878,0.618780687258251,-0.0156694613117008,-0.336644590663894,-0.202261922146015
"09y15y",-0.281474431749984,-0.0402870972465843,0.00754010777550107,-0.564738118099644,-0.391660174572646,0.659765165562652,-0.0030845688542529,-0.382194668495953,-0.239162709059116
"10y15y",-0.369162736537447,-0.0803193933088773,-0.0300345169923482,-0.661306665267924,-0.419055946214534,0.693657572233107,0.00986962545523618,-0.423019720547464,-0.286026883055422
"11y15y",-0.46309849826014,-0.132748902920864,-0.0737627517286472,-0.76197160326918,-0.451503733875889,0.720594363804444,0.0202126853525213,-0.461042602446529,-0.339594098262884
"12y15y",-0.561471078226989,-0.198187667326569,-0.120725978475798,-0.862891427840181,-0.48133904897832,0.740846128503546,0.0278067808792324,-0.497606223007602,-0.397783286841395
"13y15y",-0.659648228083337,-0.273268311743262,-0.16857019716708,-0.961354670348522,-0.5094250388701,0.754890489893796,0.0337397490267115,-0.532536705100769,-0.458476060620445
"14y15y",-0.752069645643646,-0.353229096604925,-0.214570798446513,-1.05434631837425,-0.536985476925457,0.763285727235697,0.0397622690500725,-0.565670985627009,-0.518909834041017
"15y15y",-0.832246953215519,-0.431915232525577,-0.255632389566233,-1.13854720999887,-0.565605010201942,0.76667077088488,0.0482876917013888,-0.596856821202672,-0.575677865145809
"01y16y",-0.00339727942240575,-0.0913897150572365,0.0350499785005256,-0.0642686272131239,-0.117294387506696,0.0972995114844584,-0.0748674735427608,-0.0653430221958042,-0.117489083341054
"02y16y",-0.00815053845048475,-0.10374555169578,0.05977175509904,-0.128705465459882,-0.209040802963435,0.187666708362966,-0.109073546816393,-0.130655765651173,-0.164921293001972
"03y16y",-0.00698234544208276,-0.0798662680935704,0.0703287114549216,-0.181307936184624,-0.266080203592269,0.272772379482299,-0.101117566865129,-0.175568270239612,-0.163526132595493
"04y16y",-0.0191820559345972,-0.0453024082315974,0.0728995843710516,-0.234063022560035,-0.305867747595064,0.354283078195168,-0.0805645874854521,-0.20734489506169,-0.16081766197853
"05y16y",-0.0535429730921582,-0.0177754484641026,0.0670561720992811,-0.291615046500318,-0.334072727027925,0.427443451277705,-0.0579729549545442,-0.235566049515944,-0.165498206713099
"06y16y",-0.108143081950361,-0.0162455595171092,0.0539952375938821,-0.353917952230705,-0.354467909203267,0.488318499932746,-0.0418574563014289,-0.268706408912073,-0.181944700120522
"07y16y",-0.174781586343843,-0.0337843133714011,0.0325241571301498,-0.42265446240449,-0.365962577000862,0.538538281406591,-0.0290898212192277,-0.297053672037224,-0.203973878842965
"08y16y",-0.253208696783491,-0.0662671898846834,0.0052038527470466,-0.499561736099898,-0.376515088074406,0.582704155822327,-0.0183739597152366,-0.334394086844737,-0.232914060367542
"09y16y",-0.337274806092977,-0.105456560044794,-0.0241354315915296,-0.584457193134631,-0.38256657384945,0.620079154536552,-0.00530219752302941,-0.378875440339138,-0.271398231784697
"10y16y",-0.422557046086823,-0.147614467290497,-0.0611757144602083,-0.678803830989961,-0.410321006411952,0.651013252915138,0.00836915817188189,-0.418775440927611,-0.318278509826866
"11y16y",-0.511847388746202,-0.199869972928001,-0.103451432610106,-0.776547212965389,-0.442942807555041,0.675533912619688,0.0198647312641844,-0.455885376235046,-0.370443631605168
"12y16y",-0.60316504656702,-0.262623202879907,-0.148069158560262,-0.873889059038401,-0.473302601067514,0.693912073793836,0.0290740843841055,-0.491453143894657,-0.425825804721949
"13y16y",-0.691914445108458,-0.33248030923962,-0.192727636372832,-0.968216084222507,-0.502235270062517,0.706656907482315,0.0370358374196478,-0.525304770635468,-0.482298952003321
"14y16y",-0.772630041515719,-0.404740220975014,-0.234778162958356,-1.0566304042798,-0.530913797553867,0.714353198201781,0.0454100184858977,-0.557276420835154,-0.537133064460791
"01y17y",-0.0138666970034977,-0.0933581120809541,0.0274292698148153,-0.0706681997313416,-0.112165809972621,0.0935369166970859,-0.0733511074469213,-0.0642435463593491,-0.116064050586232
"02y17y",-0.0275742130930015,-0.111477235261991,0.0462770851951109,-0.139312901808766,-0.199463064469667,0.179889247448015,-0.106563352134271,-0.128033627100422,-0.165751309988495
"03y17y",-0.0350940199636254,-0.0967253802235866,0.0527836479960284,-0.194655961063559,-0.254585781697212,0.260206131159263,-0.0994496273685463,-0.172540165381458,-0.169875055134242
"04y17y",-0.0543543495859629,-0.0729066924126447,0.0528307655408213,-0.247955152196901,-0.293975887773383,0.336130137804215,-0.0797998996726825,-0.204589940014481,-0.173014782321925
"05y17y",-0.0938285757512167,-0.0555776810282964,0.0452070718852289,-0.305305724978815,-0.32255942691314,0.403874104164412,-0.0579479730796155,-0.233191164606887,-0.182897208294218
"06y17y",-0.151612432974173,-0.062066996111958,0.030834298827789,-0.367183515707517,-0.34376946295377,0.459998336307778,-0.0420058161344672,-0.266310238639659,-0.203401608799701
"07y17y",-0.219778640941683,-0.0855723972482623,0.00861947247055217,-0.435223947789939,-0.35657490871453,0.506136269594965,-0.0290114873021841,-0.294795970513848,-0.228554882464555
"08y17y",-0.297883092734512,-0.121930232545231,-0.0189976205641182,-0.511113719890666,-0.368461451349289,0.546717845801633,-0.0177274524623332,-0.331613448475597,-0.259453579133448
"09y17y",-0.379897740795769,-0.163169761813387,-0.0483184266699026,-0.594604620521067,-0.376106046571195,0.581103696003288,-0.00398763060635954,-0.375009088743439,-0.298445848627836
"10y17y",-0.461316852361133,-0.205768112516417,-0.0843850440377099,-0.686573223301848,-0.404300336239967,0.609528652224472,0.0105726612840025,-0.413939426734531,-0.344399858569931
"11y17y",-0.544501517548217,-0.256271542124944,-0.124728967825569,-0.781135945667144,-0.437251853178352,0.632034808905216,0.0233589781366437,-0.450079952561391,-0.394277440313675
"12y17y",-0.627349497192385,-0.314833642991739,-0.166538143109945,-0.874650845813541,-0.468274767986759,0.648934955784527,0.0342850473293037,-0.484594839561935,-0.446000588530421
"13y17y",-0.705297653414418,-0.378037202791548,-0.207557852002769,-0.964591246018039,-0.498179036983893,0.660766098749149,0.0443460558750841,-0.51731002915925,-0.49743644467824
"01y18y",-0.0228317769531854,-0.0961682857731274,0.0213261888314031,-0.074712675751182,-0.107932582109075,0.0892525768507337,-0.0715344592546394,-0.0631842812088563,-0.11516995308622
"02y18y",-0.0439181979785523,-0.120574513332023,0.0358880292417654,-0.145054476365172,-0.191738643734447,0.17101290507005,-0.103255043581744,-0.125542195095569,-0.1672315999651
"03y18y",-0.0583663620063355,-0.114870209407171,0.0397923958650428,-0.200767636064712,-0.245634048852138,0.246119791550576,-0.0962477645944011,-0.169599490783667,-0.176499075495083
"04y18y",-0.0832948494434511,-0.100476902182725,0.0378308848908615,-0.25411283625998,-0.28476028761575,0.316774767759852,-0.0771332089045504,-0.201795519426124,-0.184637291493222
"05y18y",-0.126616275880581,-0.091599312518293,0.0286661636666854,-0.311337041148551,-0.313658502241366,0.379650245319848,-0.0557636843656715,-0.230628815331121,-0.198716855693413
"06y18y",-0.186334889099592,-0.104337652188891,0.0131966135205863,-0.372938464760137,-0.335566752567039,0.431591373583063,-0.0397837900933888,-0.263613564798672,-0.222256500212116
"07y18y",-0.254766414038003,-0.132001485252954,-0.00958215089790104,-0.440510525426082,-0.349506953986323,0.47423457751327,-0.0263794346288089,-0.292097338703713,-0.249469866394364
"08y18y",-0.331264577847319,-0.17045288942214,-0.0372774695629292,-0.515574087863495,-0.362573930162023,0.511814925819598,-0.0143651363647148,-0.328315191703304,-0.281269848733326
"09y18y",-0.409812248611265,-0.212159414065412,-0.0661075625158296,-0.597422162991541,-0.371751159169885,0.543639266660204,0.000210432666904126,-0.370600837313655,-0.31982553216363
"10y18y",-0.485902177624684,-0.253639534904102,-0.10069465747405,-0.686707630540232,-0.400502819949454,0.569944731330202,0.0158194981754702,-0.408514488424001,-0.363964149397321
"11y18y",-0.561539535235696,-0.300865220395766,-0.138623494642134,-0.777810410847488,-0.433936633477003,0.590825652537677,0.0300284377783253,-0.443628807063561,-0.41069179603398
"12y18y",-0.634514198183608,-0.353770916483372,-0.177154349420537,-0.867227505459683,-0.465761045742234,0.606632018556078,0.0427724529441482,-0.477033544525263,-0.457921391461516
"01y19y",-0.0302188497620808,-0.0996819924123122,0.0167865087243402,-0.0763125878259601,-0.104572314367832,0.0844369878811477,-0.0693229470456735,-0.062149838911091,-0.114680609493084
"02y19y",-0.0571549452439815,-0.1305986324684,0.0284591486711783,-0.146215602473963,-0.185706009552405,0.161185558486724,-0.0991004637368844,-0.123142608467353,-0.169092216644759
"03y19y",-0.0772262148644254,-0.132870247842014,0.0302575909565601,-0.201845298728686,-0.23858799831917,0.231343738247369,-0.0919347977705796,-0.166706485793069,-0.182772589556107
"04y19y",-0.106564983544799,-0.126329039922757,0.0265381495131201,-0.255281591055874,-0.277457471773393,0.297233250864397,-0.0731331824003174,-0.198933171255347,-0.194978842295105
"05y19y",-0.152480517282708,-0.124180363274795,0.0160602683189894,-0.312488900035604,-0.30661251158563,0.355790459200216,-0.0520135576354006,-0.227864779578966,-0.212272050102834
"06y19y",-0.212895093671441,-0.141424957480412,-0.00029855347519625,-0.373985498540572,-0.329116698610699,0.404115359915976,-0.0358023521030475,-0.260610883728726,-0.23784828906676
"07y19y",-0.280313973512547,-0.171529750646201,-0.0234060752601373,-0.441212608548366,-0.344067118185373,0.443806788586729,-0.0218177639536448,-0.288965207883128,-0.266109469593633
"08y19y",-0.353817973790302,-0.210570314912812,-0.0507220597508942,-0.515163354098968,-0.358300674739673,0.478792312334973,-0.00892088817620973,-0.32450926527395,-0.297874385511645
"09y19y",-0.427468073757743,-0.251264402108802,-0.0785313696007603,-0.595002170988863,-0.369006837466232,0.508429798831328,0.00664745180206339,-0.365655138701528,-0.335099608824081
"10y19y",-0.496781329076656,-0.290114202666771,-0.111133478752332,-0.681287548946601,-0.398436455864947,0.532995603158795,0.0234556994605208,-0.402503271145828,-0.376556127772641
"11y19y",-0.563444524661379,-0.332577842334738,-0.146160766920878,-0.768635151370883,-0.432502693366374,0.552630796480768,0.0392141210163626,-0.436534320136011,-0.419289645534263
"01y20y",-0.0360786409954121,-0.103568063069118,0.0136245261430419,-0.0758397906479984,-0.101958994990072,0.0792380555722081,-0.0667511454124083,-0.0611283597290599,-0.114414062413748
"02y20y",-0.0677322902176352,-0.1402307792597,0.0229081243027007,-0.144954022276002,-0.180768030137921,0.151203270587644,-0.0945389546896784,-0.120805608147651,-0.170760715496634
"03y20y",-0.0922361879100078,-0.14912864284334,0.0228485349793088,-0.200556031253075,-0.232718304360609,0.216859099758086,-0.0870731375408047,-0.163830217018033,-0.188028615466136
"04y20y",-0.12473849141396,-0.148863083202472,0.0176093275753753,-0.254165668094934,-0.271333198800692,0.278495554859294,-0.0683805314973762,-0.195980629800137,-0.203381495205355
"05y20y",-0.17200534413716,-0.151739699178706,0.00603705486796402,-0.31149309895497,-0.300692039003026,0.333286543021401,-0.0472981475600251,-0.224888182129051,-0.222921789571596
"06y20y",-0.231858755110937,-0.171824167423886,-0.0109550835555676,-0.372965767442744,-0.323727733995427,0.378523172401401,-0.0306760634804775,-0.257298192503468,-0.249575308523831
"07y20y",-0.29688714379547,-0.202905993232399,-0.0339316277189559,-0.439527524029548,-0.339692232759822,0.415643963723753,-0.0159515411876665,-0.2854055872718,-0.277980116041406
"08y20y",-0.365990635340854,-0.241118039942924,-0.0603535736849368,-0.511964340732779,-0.355125459969563,0.448393916699578,-0.00202759834819943,-0.320203940499964,-0.308820633223058
"09y20y",-0.433324886750812,-0.279352624554365,-0.0866160362739044,-0.589425405044207,-0.367377957336962,0.476212124779211,0.0146820009489836,-0.360175960078937,-0.343843532860683
"10y20y",-0.494428893259357,-0.314097275826505,-0.116728010276741,-0.672384234130597,-0.397608588267302,0.499410243459451,0.0328322910599983,-0.395908295666091,-0.381769185762362
"01y21y",-0.0407971749451539,-0.106850915834624,0.0109812615026759,-0.0750092747023197,-0.0996479167867532,0.0742730257152935,-0.0641974793666966,-0.0601115941750501,-0.113961768061609
"02y21y",-0.0761208328262715,-0.148186673138709,0.0181388697552034,-0.143455016762406,-0.176334983493525,0.141864238489831,-0.0900349791727777,-0.118507950203187,-0.171693385953618
"03y21y",-0.103867852778624,-0.162326150725438,0.0164576056065773,-0.199118986389172,-0.227419906237581,0.203480664475997,-0.0821331805151075,-0.160945731596827,-0.191717042721879
"04y21y",-0.138295851993994,-0.166756911821562,0.00992665991427177,-0.253014342742649,-0.265778427019288,0.261383612422937,-0.0633604696064332,-0.192919957504999,-0.209302401472466
"05y21y",-0.185654343544165,-0.17302235917973,-0.00247670239664877,-0.310517514902734,-0.295317053229687,0.312925480863065,-0.0421187336434219,-0.221690208706007,-0.230156102713177
"06y21y",-0.243591356695842,-0.194514493033248,-0.0196353089597212,-0.371630534490519,-0.318933524811454,0.355449827020339,-0.0249175454239685,-0.253671920321309,-0.257022964588682
"07y21y",-0.304832385234937,-0.225186242048255,-0.0419670278770068,-0.43710231069715,-0.335958141237693,0.390339823913047,-0.00930189481090693,-0.281423247440561,-0.284707397519269
"08y21y",-0.368137288079008,-0.261174097748995,-0.066981850922317,-0.50762707733454,-0.352638969796653,0.421208918088209,0.00578726629127502,-0.315405907489074,-0.313754497207327
"09y21y",-0.427747445569994,-0.295528312371384,-0.0911746441583279,-0.58234020527546,-0.366472294386139,0.447569692039428,0.0237796987985739,-0.354166506864352,-0.345721030100826
"01y22y",-0.0444625262025329,-0.10921691024777,0.0086259788227081,-0.0742758436586395,-0.0975059083064433,0.0697161403913895,-0.0617376094150588,-0.0590919511478094,-0.113165399218979
"02y22y",-0.0823900844141425,-0.154081576658419,0.0139075703067886,-0.142196923926022,-0.172242558034335,0.133363587235295,-0.0856451579193367,-0.116229437895522,-0.171688252331507
"03y22y",-0.112191417707012,-0.172049131438295,0.0108315585531116,-0.198040247050928,-0.222515940999761,0.191417121352161,-0.0771764042818512,-0.158031433245339,-0.193630603745663
"04y22y",-0.147290474598483,-0.179644043166271,0.00327814882949684,-0.252259359850204,-0.260636999308285,0.24607718411972,-0.0581465994837425,-0.189735204732361,-0.212558529768047
"05y22y",-0.193387628201358,-0.187881308645444,-0.00949269561973987,-0.309599662438832,-0.290434415389534,0.294743453162694,-0.0365620664727961,-0.21826206889846,-0.233879504604221
"06y22y",-0.248031769192974,-0.209417900648569,-0.0263002388842746,-0.36991991607277,-0.314715000520454,0.334892788508267,-0.0186228314897701,-0.249727792446596,-0.260128642812241
"07y22y",-0.304095165926556,-0.238309299049486,-0.0474747144249514,-0.433883146330035,-0.332858173270198,0.367890145458666,-0.00197182288837094,-0.277020822717495,-0.286244635601265
"08y22y",-0.36021022223733,-0.270695289256619,-0.0705706548853333,-0.502100169053487,-0.350846685486989,0.397229375870545,0.0144155171050571,-0.310119370732048,-0.312645921576728
"01y23y",-0.0470640959611748,-0.110587624834037,0.00654245602489567,-0.0736649128121094,-0.0955080311873129,0.0655885534513101,-0.0593477102430562,-0.0580628660429836,-0.111959739664731
"02y23y",-0.0865140174437453,-0.157778052524049,0.0101872082505492,-0.141224630745512,-0.168440089518957,0.125739711513376,-0.0813299388900344,-0.113953091994253,-0.170643987814886
"03y23y",-0.117158391379951,-0.178183629922055,0.00598297290437544,-0.197292939741556,-0.217968296980307,0.18068480823388,-0.0721672712160819,-0.155069097487248,-0.193681099547127
"04y23y",-0.151583970002648,-0.187606825749694,-0.00213280897707713,-0.25149904944469,-0.255963744204509,0.232458723998621,-0.0527134026693004,-0.186412519624095,-0.213139712279012
"05y23y",-0.19504619630237,-0.196462915040421,-0.0147586260152706,-0.308245085338298,-0.286127662615405,0.278586203444068,-0.0306134920928267,-0.214596040745479,-0.23411094652191
"06y23y",-0.245024641112515,-0.216693743717542,-0.0306994223827339,-0.367346361219481,-0.311162694285995,0.31669652065122,-0.0117849400935635,-0.245461897898283,-0.258922241756372
"07y23y",-0.294525641427748,-0.242448421094131,-0.0502054166467241,-0.429387468445159,-0.330493114700152,0.348137996489991,0.00603989842558317,-0.272200109257463,-0.282634895642002
"01y24y",-0.0485942548849589,-0.110900981368814,0.00471700651563101,-0.0731973198498279,-0.0936335456675192,0.0619073602714224,-0.0570080674151479,-0.0570188955999371,-0.110291273755419
"02y24y",-0.0884500658094893,-0.159210227696611,0.00700051263266888,-0.14048446612605,-0.164907366000833,0.118992198164258,-0.0770565041819928,-0.111664704996691,-0.168493754846406
"03y24y",-0.118634634861255,-0.180834132953878,0.00211778836950716,-0.196463263980092,-0.213839898291672,0.171159527592356,-0.0670763113687221,-0.152043199278852,-0.191868225270674
"04y24y",-0.151021390442605,-0.19080095450307,-0.00605296985001935,-0.250230459470728,-0.251844992284162,0.220370951379393,-0.0470397616356388,-0.182940227749067,-0.211069268355014
"05y24y",-0.190478237680579,-0.198934041552726,-0.0180223930379504,-0.305957234090459,-0.282486783075577,0.264295282438026,-0.024260950401664,-0.210685635342705,-0.230882482413467
"06y24y",-0.234421258919949,-0.21651970298669,-0.0325822981474728,-0.363419056832042,-0.308372432969527,0.300701506902502,-0.00439820903946941,-0.240870923251699,-0.253444940263617
"01y25y",-0.0490265529001759,-0.110151545861825,0.00318156760614063,-0.0728031345949924,-0.0918861582715356,0.0586558085829803,-0.0547022572501765,-0.0559554116614773,-0.108131945747832
"02y25y",-0.0880724936561115,-0.158514240177321,0.00455421470434225,-0.139555596683686,-0.16171830592628,0.112988400228213,-0.0727974257056454,-0.109352018139681,-0.165251676408816
"03y25y",-0.116469432971021,-0.180171997750093,-0.000510609148102414,-0.195042129367693,-0.210222615712012,0.16268000081118,-0.0618789119241834,-0.148940571616062,-0.188222245663746
"04y25y",-0.145454043481828,-0.189400307857519,-0.00822943162412404,-0.247949987651527,-0.248372820166535,0.209653044373212,-0.0411080831261632,-0.179308470805688,-0.206382397017361
"05y25y",-0.179537747994745,-0.195477944018843,-0.0190320541316131,-0.302237867307699,-0.279606934087542,0.251708885844817,-0.0174944604731646,-0.206525349907635,-0.224236650433914
"01y26y",-0.0482725972195488,-0.108475981059645,0.00210132084189341,-0.0721466014995396,-0.0903358201773865,0.0557221067834519,-0.0524165163918306,-0.0548682644087601,-0.10550992674672
"02y26y",-0.0852588412398854,-0.155842810714733,0.00305828097496241,-0.138011359992636,-0.158952384063222,0.107590910607708,-0.0685296315598549,-0.107004615796943,-0.160943396274236
"03y26y",-0.110537941689521,-0.176340809746438,-0.00169144829207668,-0.192605478547281,-0.207192407147323,0.155111754174481,-0.0565543865255078,-0.145750101695597,-0.182768126319985
"04y26y",-0.13475884714651,-0.183550600805169,-0.00845183167966956,-0.244238203840612,-0.245623367931721,0.200170914960393,-0.0349036243462741,-0.175508935351059,-0.199108241006575
"01y27y",-0.0463069379924708,-0.105890367035917,0.00151609907049011,-0.0711435771807296,-0.088992851970505,0.0530810548026419,-0.050139251926983,-0.0537541269570205,-0.102412541793893
"02y27y",-0.0799726962645639,-0.151188204315077,0.00255345458263445,-0.135764595185955,-0.156610019251063,0.102778862861626,-0.0642336025941006,-0.104613902236585,-0.155540280961731
"03y27y",-0.100801766294271,-0.169325048376769,-0.00138329975513951,-0.189068353813789,-0.204746703296169,0.148436419310479,-0.0510852519421512,-0.1424625995946,-0.175476657969154
"01y28y",-0.043126366647166,-0.102373513255511,0.00142346439856378,-0.0697947317091177,-0.0878482736452035,0.050736156132718,-0.0478606569537439,-0.0526102356804703,-0.0988160304380834
"02y28y",-0.0722015006635255,-0.144508814019035,0.00303807842181447,-0.132813370518827,-0.154673751702572,0.0985594743104139,-0.0598927416431216,-0.102172597389385,-0.149004893136032
"01y29y",-0.0387291546599124,-0.0979088401873218,0.0018209741280959,-0.0681008026797616,-0.0868941758037423,0.0486901759689595,-0.0455724061768725,-0.0514342280233628,-0.0947004143443855
