,t2,aud,cad,chf,eur,gbp,jpy,nzd,sek,usd,,,,point,t1,t2,aud,cad,chf,eur,gbp,jpy,nzd,sek,usd
0,1,4.41063,5.555,1.8198,4.012,5.7599,0.01,5.7228,4.24,5.3579,,,-0.275171575,1y1y,1,2,4.135458425,4.711813786,1.718407447,3.309034122,5.191440312,0.254912507,5.124431745,3.688121833,4.158267919
1,2,4.28375,5.161,1.7728,3.674,5.5095,0.1325,5.44,3.9725,4.7685,,,,1y2y,1,3,3.999981253,4.404333341,1.700807901,3.109335842,4.885917946,0.351038769,4.823461842,3.460231584,3.874755131
2,3,4.1502,4.8198,1.7453,3.426,5.217,0.2375,5.1425,3.73,4.3811,,,,1y3y,1,4,3.986179095,4.144890747,1.684694693,3.00392389,4.668701981,0.424656446,4.655535701,3.310522234,3.746946393
3,4,4.1072,4.529,1.7238,3.2725,4.9822,0.32125,4.9425,3.553,4.1623,,,,1y4y,1,5,4.030895896,3.987619979,1.669324174,2.951887757,4.502177903,0.501678828,4.554469296,3.210338612,3.685174492
4,5,4.12312,4.3322,1.705,3.181,4.794,0.40375,4.8087,3.4264,4.0328,,,,1y5y,1,6,4.105548933,3.921692256,1.675014035,2.93044585,4.371035139,0.588273574,4.544795897,3.153772338,3.657629682
5,6,4.174,4.2253,1.705,3.1283,4.642,0.4925,4.7625,3.345,3.9545,,,,1y6y,1,7,4.179877217,3.88576717,1.68169927,2.924577776,4.271630528,0.678383076,4.520586189,3.119686621,3.641368478
6,7,4.23162,4.156,1.7075,3.098,4.523,0.58375,4.7141,3.29,3.9004,,,,1y7y,1,8,4.246288713,3.882233609,1.69001555,2.929302767,4.199961519,0.758734591,4.525655704,3.104119802,3.634586944
7,8,4.28662,4.1238,1.7125,3.0832,4.4332,0.66625,4.6976,3.2565,3.8641,,,,1y8y,1,9,4.302660431,3.875880347,1.700280561,2.938841025,4.151293132,0.831114756,4.53638859,3.089714563,3.63521839
8,9,4.3353,4.0954,1.72,3.0771,4.368,0.74125,4.691,3.228,3.841,,,,1y9y,1,10,4.346364174,3.870848709,1.712670611,2.955867284,4.121211029,0.899837878,4.551633236,3.087657708,3.63997875
9,10,4.37412,4.0726,1.73,3.081,4.323,0.8125,4.692,3.2135,3.8264,,,,1y10y,1,11,4.383632566,3.876401837,1.725903991,2.974517627,4.100463,0.963680819,4.572156651,3.088385723,3.648453597
10,11,4.408003497,4.062831717,1.741227852,3.088833648,4.289269897,0.878908099,4.70047771,3.203811754,3.818737742,,,,1y11y,1,12,4.415861454,3.891082644,1.738980883,2.991676336,4.085544977,1.022668689,4.596545605,3.08783023,3.659500005
11,12,4.437851424,4.06417301,1.752665048,3.097129932,4.263092094,0.940483978,4.714588603,3.194674752,3.816158325,,,,1y12y,1,13,4.442479429,3.911184604,1.751108017,3.00561177,4.074741753,1.077489351,4.623541815,3.085312644,3.671435609
12,13,4.462885602,4.072718446,1.763488318,3.103809392,4.242479342,0.997855808,4.732760641,3.185031873,3.816520036,,,,1y13y,1,14,4.462854414,3.932963431,1.761485282,3.014495291,4.066266538,1.128811617,4.651796066,3.080040374,3.682442862
13,14,4.482327854,4.084562587,1.772874392,3.106792568,4.225444394,1.051651758,4.753421787,3.173825996,3.817681165,,,,1y14y,1,15,4.476315239,3.952651459,1.769308185,3.016435708,4.058286503,1.177291828,4.679900865,3.07114748,3.69061738
14,15,4.4954,4.0958,1.78,3.104,4.21,1.1025,4.775,3.16,3.8175,,,,1y15y,1,16,4.482395972,3.967136534,1.773998427,3.010124649,4.049313503,1.223327428,4.706712519,3.058007155,3.694393313
15,16,4.501543278,4.103166882,1.784258619,3.093947268,4.194518252,1.150792611,4.796210237,3.142769011,3.814210031,,,,1y16y,1,17,4.481531007,3.975957458,1.775885017,2.996704921,4.039328315,1.266316578,4.73226126,3.041102412,3.69373827
16,17,4.501076594,4.105965961,1.785910716,3.077530117,4.178808594,1.1959773,4.81691543,3.122437149,3.807545553,,,,1y17y,1,18,4.474356195,3.979266351,1.775507684,2.977877929,4.028644975,1.305422245,4.756838625,3.021159544,3.688958971
17,18,4.494538272,4.1041416,1.785433503,3.056239332,4.163039811,1.237265684,4.837265504,3.099580781,3.797616058,,,,1y18y,1,19,4.461484116,3.97716913,1.773391261,2.955293151,4.017544516,1.339820216,4.780704269,2.99887052,3.680317965
18,19,4.482466633,4.097638159,1.783304193,3.031565698,4.147380685,1.273869378,4.857410386,3.074776276,3.784531042,,,,1y19y,1,20,4.443510212,3.969737573,1.770049633,2.930562164,4.006283672,1.368695663,4.804094348,2.974902066,3.668045252
19,20,4.4654,4.0864,1.78,3.005,4.132,1.305,4.8775,3.0486,3.7684,,,,1y20y,1,21,4.421122085,3.957181248,1.765925575,2.90506179,3.995049181,1.391535112,4.82712476,2.949882733,3.652459697
20,21,4.443977791,4.070530356,1.77593767,2.977833279,4.117016215,1.330151456,4.897585341,3.021609802,3.749441332,,,,1y21y,1,22,4.395415685,3.940341166,1.761205058,2.879324603,3.983807721,1.409002354,4.849489383,2.924349873,3.634312711
21,22,4.419243798,4.050767945,1.771292088,2.950557599,4.102346489,1.349946821,4.917321677,2.994289453,3.728309065,,,,1y22y,1,23,4.367579982,3.920199726,1.756009099,2.853668924,3.972465699,1.422045811,4.870773733,2.89881133,3.614449733
22,23,4.392342911,4.028010356,1.76617767,2.923465279,4.087857655,1.365291456,4.936265341,2.967104202,3.705766132,,,,1y23y,1,24,4.338794273,3.897721549,1.750457397,2.82840797,3.960923075,1.431604983,4.890559284,2.87376706,3.593700733
23,24,4.364420015,4.003155178,1.760708835,2.896848639,4.073416548,1.377090728,4.953972671,2.940519301,3.682575466,,,,1y24y,1,25,4.3102303,3.87385734,1.744668605,2.803850949,3.949074702,1.438612367,4.908424314,2.849710801,3.572883483
24,25,4.33662,3.9771,1.755,2.871,4.05889,1.38625,4.97,2.915,3.6595,,,,1y25y,1,26,4.282814018,3.849404529,1.738745204,2.780217678,3.936841385,1.443898789,4.92409321,2.826998575,3.552644816
25,26,4.309854679,3.950602893,1.749150699,2.846127616,4.044174327,1.393581563,4.984048398,2.890882979,3.63714624,,,,1y26y,1,27,4.256510067,3.824584171,1.732727807,2.757381556,3.924260488,1.447907298,4.937881166,2.805452897,3.532980709
26,27,4.284103572,3.923863857,1.743200932,2.822103488,4.02928377,1.399525417,4.996397863,2.867990639,3.615494987,,,,1y27y,1,28,4.231046182,3.799471791,1.726641587,2.735130038,3.911395878,1.450984133,4.950245858,2.784764047,3.513724149
27,28,4.259113125,3.896943375,1.737175815,2.798715552,4.014262049,1.40442849,5.007473131,2.846016809,3.594370614,,,,1y28y,1,29,4.206153107,3.774140619,1.720511679,2.713251005,3.898308426,1.453475245,4.961639464,2.764623075,3.494707093
28,29,4.234629786,3.869901929,1.731100466,2.775751744,3.999152885,1.408637709,5.017698932,2.82465532,3.573597494,,,,1y29y,1,30,4.181564075,3.748661991,1.714363187,2.691532672,3.885056531,1.455726357,4.972509616,2.744721657,3.475760638
29,30,4.2104,3.8428,1.725,2.753,3.984,1.4125,5.0275,2.8036,3.553,,,,2y1y,2,3,3.864504081,4.096852897,1.683208356,2.909637562,4.58039558,0.44716503,4.522491938,3.232341334,3.591242344
,,,,,,,,,,,,,,2y2y,2,4,3.91153943,3.861429228,1.667838317,2.851368773,4.407332815,0.509528415,4.421087678,3.121722434,3.54128563
,,,,,,,,,,,,,,2y3y,2,5,3.996041719,3.746222043,1.652963083,2.832838969,4.272423767,0.583934268,4.364481813,3.051077538,3.527476682
,,,,,,,,,,,,,,2y4y,2,6,4.09807156,3.724161873,1.664165682,2.835798782,4.165933846,0.67161384,4.399886936,3.020184964,3.532470123
,,,,,,,,,,,,,,2y5y,2,7,4.188760976,3.720557847,1.674357635,2.847686506,4.087668571,0.76307719,4.399817078,3.005999578,3.53798859
,,,,,,,,,,,,,,2y6y,2,8,4.264760428,3.743970246,1.685283567,2.866014208,4.034715053,0.842704938,4.425859697,3.00678613,3.547306782
,,,,,,,,,,,,,,2y7y,2,9,4.326546432,3.756461285,1.697691006,2.885956296,4.002700677,0.913429363,4.452382425,3.00422781,3.560497029
,,,,,,,,,,,,,,2y8y,2,10,4.372727393,3.765728074,1.711953506,2.911721429,3.987432368,0.98045355,4.480033422,3.012599693,3.575192604
,,,,,,,,,,,,,,2y9y,2,11,4.411207471,3.783578287,1.726736941,2.937349127,3.979243299,1.042432853,4.510792751,3.021748377,3.591807561
,,,,,,,,,,,,,,2y10y,2,12,4.443901757,3.80900953,1.741038226,2.959940558,3.974955443,1.099444307,4.543756991,3.02780107,3.609623213
,,,,,,,,,,,,,,2y11y,2,13,4.470390429,3.838400133,1.754080796,2.97802792,3.973223703,1.152269064,4.578006367,3.030511808,3.627178127
,,,,,,,,,,,,,,2y12y,2,14,4.490137413,3.868059234,1.765075102,2.989950389,3.972502057,1.201636543,4.61240976,3.029366919,3.642790774
,,,,,,,,,,,,,,2y13y,2,15,4.502534994,3.894254357,1.773223627,2.993928137,3.971120825,1.248244083,4.645706182,3.023687915,3.654644262
,,,,,,,,,,,,,,2y14y,2,16,4.507177226,3.913945302,1.777969211,2.988773973,3.967733017,1.292499922,4.676875431,3.012998964,3.661259412
,,,,,,,,,,,,,,2y15y,2,17,4.504602512,3.92690037,1.779716855,2.975882975,3.962520848,1.333743516,4.706116561,2.997967784,3.662769627
,,,,,,,,,,,,,,2y16y,2,18,4.495537306,3.933482136,1.779076449,2.957180667,3.955970266,1.371079104,4.733864055,2.979474401,3.659627161
,,,,,,,,,,,,,,2y17y,2,19,4.480662098,3.933954738,1.776625603,2.934484858,3.948491823,1.403638316,4.760485006,2.958326325,3.652203262
,,,,,,,,,,,,,,2y18y,2,20,4.4606242,3.928511116,1.772918643,2.909535944,3.940441637,1.430572505,4.786297825,2.935278746,3.640810659
,,,,,,,,,,,,,,2y19y,2,21,4.436157015,3.917463746,1.768426529,2.883800088,3.932081227,1.451357354,4.811477024,2.911028044,3.625838212
,,,,,,,,,,,,,,2y20y,2,22,4.408413548,3.901767535,1.763344938,2.857839127,3.923426091,1.466706847,4.835742265,2.886161275,3.60811495
,,,,,,,,,,,,,,2y21y,2,23,4.378633389,3.882503819,1.757799654,2.831984867,3.914419288,1.477623588,4.85869478,2.861225115,3.588553629
,,,,,,,,,,,,,,2y22y,2,24,4.348036811,3.860717357,1.751914213,2.806561327,3.904990474,1.485091005,4.879928718,2.836750934,3.568038588
,,,,,,,,,,,,,,2y23y,2,25,4.317829077,3.837424451,1.745810394,2.781886463,3.895058806,1.490077578,4.899032686,2.813258148,3.547431985
,,,,,,,,,,,,,,2y24y,2,26,4.288953835,3.81347081,1.73959261,2.75818366,3.884566429,1.493439884,4.915745771,2.791118439,3.52741052
,,,,,,,,,,,,,,2y25y,2,27,4.261352133,3.789094986,1.733300622,2.735315453,3.873573295,1.49562709,4.930419143,2.770146139,3.50796922
,,,,,,,,,,,,,,2y26y,2,28,4.234722634,3.764381714,1.726958285,2.713056804,3.862163399,1.496986888,4.9435464,2.750019517,3.488934004
,,,,,,,,,,,,,,2y27y,2,29,4.208771428,3.739411983,1.720589613,2.691184964,3.850414652,1.497866458,4.95561012,2.730419417,3.470130766
,,,,,,,,,,,,,,2y28y,2,30,4.183210706,3.714263712,1.714218749,2.669479049,3.838399967,1.498612566,4.967083826,2.711028794,3.451385378
,,,,,,,,,,,,,,3y1y,3,4,3.958574778,3.626005558,1.652468278,2.793099984,4.234270049,0.5718918,4.319683419,3.011103535,3.491328916
,,,,,,,,,,,,,,3y2y,3,5,4.061810538,3.570906617,1.637840446,2.794439672,4.11843786,0.652318887,4.28547675,2.96044564,3.495593852
,,,,,,,,,,,,,,3y3y,3,6,4.175927386,3.599931532,1.657818124,2.811185855,4.027779934,0.74643011,4.359018601,2.949466174,3.512879382
,,,,,,,,,,,,,,3y4y,3,7,4.2698252,3.626484084,1.672144954,2.832198743,3.964486819,0.84205523,4.369148363,2.949414139,3.524675151
,,,,,,,,,,,,,,3y5y,3,8,4.344811698,3.673393716,1.68569861,2.857289537,3.925578947,0.92181292,4.406533248,2.961675089,3.53851967
,,,,,,,,,,,,,,3y6y,3,9,4.40355349,3.699729349,1.700104781,2.882009419,3.906418194,0.991140086,4.440697506,2.96620889,3.55537281
,,,,,,,,,,,,,,3y7y,3,10,4.445330723,3.718424528,1.716059956,2.912019124,3.902723338,1.056637624,4.47396792,2.98120803,3.572899784
,,,,,,,,,,,,,,3y8y,3,11,4.479545395,3.744418961,1.732178014,2.940813073,3.904099264,1.116841331,4.509330353,2.995424257,3.591878213
,,,,,,,,,,,,,,3y9y,3,12,4.508279277,3.777026933,1.747463768,2.965529779,3.907684317,1.171919782,4.546119774,3.005074374,3.611665532
,,,,,,,,,,,,,,3y10y,3,13,4.530979064,3.812554856,1.76116804,2.984866956,3.912506515,1.222779467,4.58355781,3.010328856,3.630771705
,,,,,,,,,,,,,,3y11y,3,14,4.54701317,3.847259811,1.772517533,2.997251555,3.91723901,1.270224863,4.620584107,3.010914699,3.647476995
,,,,,,,,,,,,,,3y12y,3,15,4.555704237,3.877371145,1.780724899,3.000952352,3.920347929,1.315000671,4.655974036,3.00630013,3.659927755
,,,,,,,,,,,,,,3y13y,3,16,4.556613621,3.899875487,1.785258508,2.994861389,3.920605127,1.357525683,4.688751085,2.996126474,3.66664534
,,,,,,,,,,,,,,3y14y,3,17,4.550323829,3.914760903,1.78661032,2.98061479,3.918386939,1.397070551,4.719232605,2.981226816,3.667878719
,,,,,,,,,,,,,,3y15y,3,18,4.537606188,3.922590752,1.785467655,2.960350207,3.914341912,1.432673375,4.747955529,2.962616605,3.664186149
,,,,,,,,,,,,,,3y16y,3,19,4.519171974,3.923773604,1.782464181,2.936037814,3.908997838,1.463417897,4.775359573,2.941200386,3.656013319
,,,,,,,,,,,,,,3y17y,3,20,4.49569009,3.918608659,1.778195719,2.909529966,3.902797287,1.488420004,4.801815819,2.917804476,3.643726442
,,,,,,,,,,,,,,3y18y,3,21,4.467915511,3.907497682,1.773160872,2.882364673,3.896063763,1.507145817,4.827531751,2.893177305,3.627760205
,,,,,,,,,,,,,,3y19y,3,22,4.437040362,3.891499884,1.767562653,2.855112894,3.88884875,1.520366942,4.852229124,2.867941272,3.609002982
,,,,,,,,,,,,,,3y20y,3,23,4.404339855,3.871786365,1.761529219,2.828102232,3.881120474,1.529146516,4.875504922,2.842669304,3.588419193
,,,,,,,,,,,,,,3y21y,3,24,4.37106218,3.849472807,1.75518592,2.801652934,3.872828326,1.534516051,4.896949517,2.817913296,3.566933647
,,,,,,,,,,,,,,3y22y,3,25,4.338434759,3.825632249,1.748655941,2.776079595,3.863907134,1.537482694,4.916148175,2.794208912,3.545440605
,,,,,,,,,,,,,,3y23y,3,26,4.307408172,3.80114985,1.7420441,2.751598708,3.854312988,1.538930095,4.932843764,2.771934835,3.524635223
,,,,,,,,,,,,,,3y24y,3,27,4.277887469,3.77627174,1.735387799,2.728052032,3.844122366,1.539313009,4.947416109,2.750888006,3.504499507
,,,,,,,,,,,,,,3y25y,3,28,4.249531376,3.751082867,1.728708282,2.705193574,3.833434112,1.538979762,4.960388579,2.730726644,3.48484167
,,,,,,,,,,,,,,3y26y,3,29,4.22201248,3.725664256,1.722027354,2.682782941,3.822338463,1.538278051,4.972268512,2.711114728,3.465472628
,,,,,,,,,,,,,,3y27y,3,30,4.195014655,3.700093743,1.715367282,2.660584289,3.810918648,1.537555067,4.983550192,2.691720922,3.446205491
,,,,,,,,,,,,,,4y1y,4,5,4.165046298,3.515807675,1.623212615,2.79577936,4.002605671,0.732745974,4.251270082,2.909787746,3.499858787
,,,,,,,,,,,,,,4y2y,4,6,4.284603689,3.586894519,1.660493047,2.820228791,3.924534876,0.833699265,4.378686193,2.918647493,3.523654615
,,,,,,,,,,,,,,4y3y,4,7,4.37357534,3.626643593,1.678703846,2.845231662,3.874559075,0.932109706,4.385636678,2.928851007,3.535790563
,,,,,,,,,,,,,,4y4y,4,8,4.441370927,3.685240755,1.694006193,2.873336926,3.848406172,1.009293199,4.428245706,2.949317977,3.550317358
,,,,,,,,,,,,,,4y5y,4,9,4.492549233,3.714474108,1.709632082,2.899791306,3.840847823,1.074989743,4.464900323,2.957229961,3.568181588
,,,,,,,,,,,,,,4y6y,4,10,4.526456714,3.73382769,1.726658569,2.931838981,3.847465553,1.137428595,4.499682003,2.976225446,3.586494928
,,,,,,,,,,,,,,4y7y,4,11,4.553969768,3.761335162,1.743565119,2.961914943,3.856932009,1.194691264,4.536422772,2.993184361,3.606242398
,,,,,,,,,,,,,,4y8y,4,12,4.576992339,3.795904605,1.759338204,2.987083504,3.8668611,1.24692328,4.574424319,3.004320729,3.626707609
,,,,,,,,,,,,,,4y9y,4,13,4.59457954,3.833282556,1.773245791,3.006174397,3.876755011,1.295100319,4.612877186,3.01024278,3.646265348
,,,,,,,,,,,,,,4y10y,4,14,4.60585701,3.869385236,1.784522459,3.017666712,3.885535906,1.340058169,4.650674176,3.010895815,3.663091802
,,,,,,,,,,,,,,4y11y,4,15,4.609988733,3.900222562,1.792384592,3.019848022,3.891809554,1.382556023,4.68654591,3.005863456,3.675254922
,,,,,,,,,,,,,,4y12y,4,16,4.606450192,3.922697981,1.79632436,3.011674839,3.894466384,1.422995173,4.719506724,2.994878386,3.681255042
,,,,,,,,,,,,,,4y13y,4,17,4.595842987,3.936972853,1.796928938,2.995039005,3.894088238,1.460545839,4.749967158,2.978928607,3.681459473
,,,,,,,,,,,,,,4y14y,4,18,4.578965574,3.943775409,1.794967611,2.972296652,3.891489902,1.494157774,4.778546394,2.959153253,3.676533094
,,,,,,,,,,,,,,4y15y,4,19,4.556545121,3.943624807,1.791130574,2.945567003,3.887313024,1.52285297,4.805737983,2.936540177,3.666992279
,,,,,,,,,,,,,,4y16y,4,20,4.529259797,3.936896353,1.786053684,2.91680684,3.882080239,1.545703017,4.831949094,2.911973285,3.653251288
,,,,,,,,,,,,,,4y17y,4,21,4.497876731,3.924056042,1.780260436,2.887615537,3.876169275,1.562160759,4.857405183,2.886240468,3.635785575
,,,,,,,,,,,,,,4y18y,4,22,4.463621784,3.906249569,1.773956785,2.858558055,3.869658678,1.573060006,4.881814997,2.859987813,3.61554043
,,,,,,,,,,,,,,4y19y,4,23,4.427801174,3.884722197,1.767269269,2.829944455,3.862533654,1.579528343,4.904758685,2.833804345,3.593529207
,,,,,,,,,,,,,,4y20y,4,24,4.39168655,3.86064617,1.760321802,2.802080582,3.85475624,1.582647264,4.925812822,2.808253784,3.570713884
,,,,,,,,,,,,,,4y21y,4,25,4.356523329,3.835138282,1.753236306,2.7752691,3.846270805,1.583463213,4.944551259,2.783880597,3.548017353
,,,,,,,,,,,,,,4y22y,4,26,4.323264235,3.809110954,1.746115728,2.749712286,3.837042212,1.582886381,4.960714688,2.76106353,3.526149146
,,,,,,,,,,,,,,4y23y,4,27,4.291770629,3.782805052,1.738992996,2.72522386,3.827159424,1.581374801,4.974708835,2.739574287,3.505072141
,,,,,,,,,,,,,,4y24y,4,28,4.261654567,3.756294422,1.731884949,2.701530807,3.816732615,1.579275094,4.987084627,2.719044274,3.484571368
,,,,,,,,,,,,,,4y25y,4,29,4.232549988,3.729650604,1.724809717,2.678370259,3.805861199,1.576933501,4.998371916,2.699115176,3.464438377
,,,,,,,,,,,,,,4y26y,4,30,4.204108496,3.702943288,1.717786475,2.655487532,3.794635902,1.574695962,5.009083529,2.679436975,3.444469974
,,,,,,,,,,,,,,5y1y,5,6,4.40416108,3.657981364,1.697773479,2.844678222,3.846464081,0.934652556,4.506102304,2.927507241,3.547450443
,,,,,,,,,,,,,,5y2y,5,7,4.477839861,3.682061552,1.706449462,2.869957813,3.810535777,1.031791572,4.452819976,2.938382638,3.553756451
,,,,,,,,,,,,,,5y3y,5,8,4.533479137,3.741718449,1.717604052,2.899189448,3.797006339,1.101475608,4.487237581,2.962494721,3.567136881
,,,,,,,,,,,,,,5y4y,5,9,4.574424966,3.764140716,1.731236948,2.925794292,3.80040836,1.160550685,4.518307884,2.969090515,3.585262289
,,,,,,,,,,,,,,5y5y,5,10,4.598738797,3.777431693,1.74734776,2.959050905,3.816437529,1.218365119,4.549364388,2.989512986,3.603822157
,,,,,,,,,,,,,,5y6y,5,11,4.618790347,3.80225641,1.76362387,2.989604207,3.832653065,1.271682145,4.58394822,3.007083797,3.623973
,,,,,,,,,,,,,,5y7y,5,12,4.635841774,3.835918453,1.778784717,3.014412667,3.847469019,1.320377181,4.62058921,3.017825441,3.644828869
,,,,,,,,,,,,,,5y8y,5,13,4.648271196,3.872966916,1.791999938,3.032473777,3.861023678,1.365394612,4.658078074,3.022799659,3.664566168
,,,,,,,,,,,,,,5y9y,5,14,4.654835977,3.908671632,1.802445775,3.042320862,3.872528154,1.407537302,4.695052408,3.022130045,3.681228804
,,,,,,,,,,,,,,5y10y,5,15,4.654482977,3.938664051,1.80930179,3.042254888,3.880729943,1.447537028,4.730073493,3.015471027,3.692794535
,,,,,,,,,,,,,,5y11y,5,16,4.646577818,3.959688009,1.812061791,3.031301701,3.884635539,1.4857451,4.762073691,3.002613898,3.697745611
,,,,,,,,,,,,,,5y12y,5,17,4.631742711,3.972069951,1.811405299,3.011643976,3.885045119,1.521195828,4.791525248,2.984690345,3.696592863
,,,,,,,,,,,,,,5y13y,5,18,4.610805519,3.976696004,1.808179534,2.985874905,3.882942535,1.552727912,4.819106111,2.9629506,3.690123426
,,,,,,,,,,,,,,5y14y,5,19,4.584509322,3.974183173,1.803124714,2.95626612,3.879077834,1.579289184,4.845342833,2.938451065,3.678930386
,,,,,,,,,,,,,,5y15y,5,20,4.553540697,3.964968931,1.796909756,2.924875339,3.87404521,1.599900153,4.870661028,2.912118987,3.663477454
,,,,,,,,,,,,,,5y16y,5,21,4.518678633,3.949571565,1.790075925,2.893355298,3.868267001,1.613999183,4.895288627,2.884768763,3.644280999
,,,,,,,,,,,,,,5y17y,5,22,4.481185048,3.929216739,1.782824089,2.86225092,3.861838266,1.622490243,4.918905874,2.857058405,3.622345233
,,,,,,,,,,,,,,5y18y,5,23,4.442398668,3.905217448,1.775272416,2.831842516,3.854751875,1.626571808,4.941063608,2.829583045,3.59873312
,,,,,,,,,,,,,,5y19y,5,24,4.403614984,3.878795564,1.767538075,2.802412225,3.846974691,1.62737891,4.961315071,2.802909891,3.5744431
,,,,,,,,,,,,,,5y20y,5,25,4.366097181,3.851104813,1.759737491,2.774243587,3.838454061,1.625999074,4.979215318,2.777585239,3.550425281
,,,,,,,,,,,,,,5y21y,5,26,4.330798422,3.823077777,1.751968257,2.747518616,3.829158238,1.623369257,4.994497765,2.753981425,3.527401068
,,,,,,,,,,,,,,5y22y,5,27,4.297530826,3.794941297,1.744255741,2.722016792,3.819184594,1.619948838,5.007592415,2.731837312,3.505309112
,,,,,,,,,,,,,,5y23y,5,28,4.265854927,3.766750367,1.736609833,2.697433044,3.808651177,1.616080708,5.019076564,2.710751079,3.483906698
,,,,,,,,,,,,,,5y24y,5,29,4.235362642,3.738560726,1.72904293,2.673478213,3.797663513,1.612107982,5.029501159,2.690337152,3.462962527
,,,,,,,,,,,,,,5y25y,5,30,4.205670984,3.710428713,1.721569429,2.649875859,3.786317111,1.608373962,5.039396067,2.670222945,3.442254422
,,,,,,,,,,,,,,6y1y,6,7,4.551518642,3.70614174,1.715125445,2.895237404,3.774607473,1.128930589,4.399537649,2.949258035,3.560062458
,,,,,,,,,,,,,,6y2y,6,8,4.598138166,3.783586992,1.727519338,2.926445061,3.772277468,1.184887134,4.477805219,2.979988461,3.576980101
,,,,,,,,,,,,,,6y3y,6,9,4.631179595,3.799527167,1.742391438,2.952832982,3.785056453,1.235850061,4.52237641,2.982951606,3.597866237
,,,,,,,,,,,,,,6y4y,6,10,4.647383226,3.807294275,1.75974133,2.987644076,3.808930891,1.289293259,4.560179909,3.005014422,3.617915085
,,,,,,,,,,,,,,6y5y,6,11,4.6617162,3.831111419,1.776793948,3.018589404,3.829890861,1.339088063,4.599517404,3.022999108,3.639277511
,,,,,,,,,,,,,,6y6y,6,12,4.674455223,3.865574634,1.792286589,3.042701741,3.847636508,1.384664618,4.639670361,3.032878474,3.661058607
,,,,,,,,,,,,,,6y7y,6,13,4.683144069,3.903679138,1.805460861,3.059301713,3.863103621,1.426929192,4.679788899,3.036412862,3.681296986
,,,,,,,,,,,,,,6y8y,6,14,4.68617034,3.940007915,1.815529812,3.067026192,3.875786163,1.466647895,4.718671172,3.033957896,3.697951099
,,,,,,,,,,,,,,6y9y,6,15,4.682296521,3.969851016,1.821693825,3.064207851,3.884537261,1.504524191,4.754959181,3.025244781,3.708943879
,,,,,,,,,,,,,,6y10y,6,16,4.670819492,3.989858673,1.823490623,3.049964049,3.888452685,1.540854354,4.78767083,3.010124564,3.712775128
,,,,,,,,,,,,,,6y11y,6,17,4.65243195,4.000623459,1.821735464,3.026822681,3.888552486,1.574517944,4.817472788,2.989888809,3.710151265
,,,,,,,,,,,,,,6y12y,6,18,4.628025888,4.003255557,1.817380038,2.997641295,3.885982406,1.604234192,4.845189761,2.965904213,3.702012841
,,,,,,,,,,,,,,6y13y,6,19,4.598382264,3.998506389,1.811228655,2.964849805,3.881586585,1.628876617,4.871438259,2.939292897,3.689044228
,,,,,,,,,,,,,,6y14y,6,20,4.564210669,3.986896614,1.803990918,2.930603704,3.876015291,1.647417838,4.896700937,2.911019826,3.671765098
,,,,,,,,,,,,,,6y15y,6,21,4.526313136,3.969010912,1.796229421,2.896600436,3.869720529,1.659288958,4.921234381,2.881919532,3.650736369
,,,,,,,,,,,,,,6y16y,6,22,4.485999046,3.94616895,1.788139752,2.863349213,3.862799153,1.665480098,4.944706097,2.852655353,3.627026157
,,,,,,,,,,,,,,6y17y,6,23,4.444647937,3.919760747,1.779831177,2.831087475,3.855239393,1.66727294,4.966649567,2.823822798,3.601749748
,,,,,,,,,,,,,,6y18y,6,24,4.403584645,3.89106302,1.771413886,2.800064114,3.847003058,1.665863708,4.986604669,2.795987816,3.575942692
,,,,,,,,,,,,,,6y19y,6,25,4.364093818,3.861269205,1.762998755,2.770536501,3.838032481,1.662385733,5.004116002,2.769694608,3.550581851
,,,,,,,,,,,,,,6y20y,6,26,4.32713029,3.831332598,1.754677996,2.742660636,3.828292946,1.657805092,5.018917538,2.745305134,3.526398599
,,,,,,,,,,,,,,6y21y,6,27,4.292453195,3.801463198,1.746469182,2.716175771,3.817885571,1.652581995,5.031472896,2.722519696,3.503302382
,,,,,,,,,,,,,,6y22y,6,28,4.259568284,3.771694413,1.738375122,2.690740081,3.806932409,1.647054715,5.042393576,2.700898527,3.481018346
,,,,,,,,,,,,,,6y23y,6,29,4.22802358,3.742064176,1.730402471,2.666034735,3.795541749,1.641562565,5.052257631,2.680025409,3.459289139
,,,,,,,,,,,,,,6y24y,6,30,4.197400564,3.712614019,1.722560927,2.641759093,3.783810987,1.636445687,5.061616641,2.659502766,3.437871254
,,,,,,,,,,,,,,7y1y,7,8,4.644757689,3.861032243,1.739913231,2.957652717,3.769947462,1.240843678,4.556072789,3.010718887,3.593897743
,,,,,,,,,,,,,,7y2y,7,9,4.671010071,3.84621988,1.756024434,2.981630771,3.790280943,1.289309797,4.583795791,2.999798392,3.616768127
,,,,,,,,,,,,,,7y3y,7,10,4.679338088,3.841011787,1.774613292,3.0184463,3.82037203,1.342747483,4.613727329,3.023599884,3.637199294
,,,,,,,,,,,,,,7y4y,7,11,4.68926559,3.862353838,1.792211074,3.049427403,3.843711708,1.391627432,4.649512342,3.041434376,3.659081274
,,,,,,,,,,,,,,7y5y,7,12,4.699042539,3.897461213,1.807718818,3.072194609,3.862242315,1.435811424,4.687696903,3.049602562,3.681257837
,,,,,,,,,,,,,,7y6y,7,13,4.70508164,3.936602038,1.820516764,3.086645765,3.877852979,1.476595625,4.72649744,3.050938667,3.701502741
,,,,,,,,,,,,,,7y7y,7,14,4.705406296,3.973417369,1.829873293,3.091567447,3.890240262,1.514893224,4.764261675,3.046057876,3.717649476
,,,,,,,,,,,,,,7y8y,7,15,4.698643756,4.002814676,1.835014872,3.085329157,3.898278484,1.551473391,4.799386872,3.034743125,3.727554057
,,,,,,,,,,,,,,7y9y,7,16,4.684075142,4.021382777,1.835531198,3.067155899,3.901102153,1.586623662,4.830796739,3.016887512,3.729743202
,,,,,,,,,,,,,,7y10y,7,17,4.662523281,4.030071631,1.832396466,3.039981209,3.899946987,1.619076679,4.859266302,2.993951886,3.725160145
,,,,,,,,,,,,,,7y11y,7,18,4.634981093,4.030265904,1.82667591,3.00695074,3.8961074,1.64744361,4.88570359,2.967417502,3.714917421
,,,,,,,,,,,,,,7y12y,7,19,4.602287566,4.02287011,1.819237256,2.970650838,3.890501511,1.670538785,4.910763309,2.938462469,3.699792708
,,,,,,,,,,,,,,7y13y,7,20,4.565186979,4.008493143,1.810826724,2.933324189,3.883815892,1.687301473,4.934944267,2.908078426,3.680357609
,,,,,,,,,,,,,,7y14y,7,21,4.524512743,3.987787281,1.802022562,2.896697796,3.876514318,1.697171699,4.958498434,2.877109639,3.657213077
,,,,,,,,,,,,,,7y15y,7,22,4.481631072,3.962170764,1.793007373,2.861223334,3.868678598,1.701250066,4.981050661,2.846215174,3.631490404
,,,,,,,,,,,,,,7y16y,7,23,4.437968518,3.933111935,1.783875285,2.827078104,3.860278888,1.700919337,5.002094062,2.815983096,3.604355203
,,,,,,,,,,,,,,7y17y,7,24,4.394882645,3.901940742,1.774724971,2.794465686,3.851261622,1.697448009,5.021138023,2.786971921,3.576876823
,,,,,,,,,,,,,,7y18y,7,25,4.353681327,3.869887397,1.765658383,2.763608673,3.841556093,1.69202213,5.037703689,2.759718862,3.550055151
,,,,,,,,,,,,,,7y19y,7,26,4.315320376,3.83792159,1.756759709,2.734630279,3.831118497,1.685640592,5.05151648,2.734570771,3.524626817
,,,,,,,,,,,,,,7y20y,7,27,4.279499922,3.806229271,1.748036369,2.70722269,3.820049476,1.678764565,5.063069659,2.71118278,3.500464378
,,,,,,,,,,,,,,7y21y,7,28,4.245665886,3.774815969,1.739482249,2.681002113,3.808471692,1.671727292,5.073005763,2.689071883,3.477254341
,,,,,,,,,,,,,,7y22y,7,29,4.213319259,3.743697014,1.731096881,2.655616432,3.796493307,1.664864019,5.081926721,2.667787562,3.454708533
,,,,,,,,,,,,,,7y23y,7,30,4.182004125,3.712895422,1.722884209,2.630738297,3.78421114,1.658511561,5.090402684,2.64690471,3.432558593
,,,,,,,,,,,,,,8y1y,8,9,4.697262454,3.831407517,1.772135638,3.005608826,3.810614424,1.337775916,4.611518792,2.988877896,3.639638511
,,,,,,,,,,,,,,8y2y,8,10,4.696628287,3.831001558,1.791963323,3.048843092,3.845584314,1.393699385,4.642554599,3.030040383,3.65885007
,,,,,,,,,,,,,,8y3y,8,11,4.704101556,3.86279437,1.809643688,3.080018966,3.86829979,1.441888683,4.68065886,3.051672872,3.680809118
,,,,,,,,,,,,,,8y4y,8,12,4.712613751,3.906568455,1.824670215,3.100830082,3.885316029,1.484553361,4.720602932,3.059323481,3.70309786
,,,,,,,,,,,,,,8y5y,8,13,4.717146431,3.951715996,1.83663747,3.112444374,3.899434082,1.523746015,4.760582371,3.058982623,3.72302374
,,,,,,,,,,,,,,8y6y,8,14,4.715514398,3.992148223,1.844866637,3.113886569,3.910289061,1.560568148,4.798959822,3.051947708,3.738274765
,,,,,,,,,,,,,,8y7y,8,15,4.706341765,4.023069309,1.848600821,3.103568648,3.916611487,1.595849065,4.834146027,3.038175159,3.746647816
,,,,,,,,,,,,,,8y8y,8,16,4.688989824,4.041426594,1.847483444,3.080843796,3.917496489,1.62984616,4.865137233,3.01765859,3.746723885
,,,,,,,,,,,,,,8y9y,8,17,4.664497235,4.048853785,1.842672381,3.049128819,3.914391379,1.661102568,4.89295447,2.992088886,3.739744857
,,,,,,,,,,,,,,8y10y,8,18,4.634003433,4.04718927,1.835352178,3.011880542,3.908723394,1.688103603,4.91866667,2.963087364,3.727019389
,,,,,,,,,,,,,,8y11y,8,19,4.598426645,4.037582643,1.826448531,2.971832485,3.90146097,1.709601977,4.943007902,2.931893704,3.709419524
,,,,,,,,,,,,,,8y12y,8,20,4.558556086,4.020781552,1.816736181,2.931296812,3.893304928,1.724506289,4.96651689,2.899525054,3.687562598
,,,,,,,,,,,,,,8y13y,8,21,4.515263132,3.997537669,1.806800203,2.892008956,3.884711769,1.732273854,4.989454253,2.866832004,3.662083487
,,,,,,,,,,,,,,8y14y,8,22,4.469979171,3.969394944,1.796799811,2.854335521,3.875730822,1.734136236,5.011406223,2.834464909,3.634175594
,,,,,,,,,,,,,,8y15y,8,23,4.424182574,3.937917248,1.786806089,2.81837313,3.866300983,1.731591048,5.031828813,2.80300071,3.605052367
,,,,,,,,,,,,,,8y16y,8,24,4.379265455,3.904497523,1.776900705,2.784266496,3.856343756,1.72598578,5.050204601,2.772987736,3.575813015
,,,,,,,,,,,,,,8y17y,8,25,4.336559188,3.870408289,1.767172804,2.752194318,3.845768365,1.718562039,5.066034918,2.744954154,3.547476175
,,,,,,,,,,,,,,8y18y,8,26,4.297018303,3.836637665,1.757695625,2.722240144,3.834516888,1.710351532,5.079041129,2.719229209,3.520778432
,,,,,,,,,,,,,,8y19y,8,27,4.260275829,3.803344904,1.748463902,2.694042162,3.822686424,1.701813033,5.089753704,2.695417721,3.495546832
,,,,,,,,,,,,,,8y20y,8,28,4.225711295,3.770505155,1.7394607,2.667169583,3.810397903,1.693271473,5.098852411,2.672989533,3.471422171
,,,,,,,,,,,,,,8y21y,8,29,4.192774571,3.738109623,1.730677055,2.641233751,3.797757395,1.685055464,5.106967384,2.651457499,3.448080476
,,,,,,,,,,,,,,8y22y,8,30,4.160969872,3.706161931,1.722110162,2.615878551,3.784859489,1.677496465,5.114690406,2.630367702,3.425224995
,,,,,,,,,,,,,,9y1y,9,10,4.695994121,3.8305956,1.811791008,3.092077357,3.880554203,1.449622855,4.673590405,3.071202869,3.678061629
,,,,,,,,,,,,,,9y2y,9,11,4.707521108,3.878487797,1.828397713,3.117224035,3.897142474,1.493945067,4.715228894,3.08307036,3.701394422
,,,,,,,,,,,,,,9y3y,9,12,4.71773085,3.931622101,1.842181741,3.1325705,3.910216564,1.533479176,4.756964311,3.082805343,3.724250977
,,,,,,,,,,,,,,9y4y,9,13,4.722117425,3.981793116,1.852762929,3.139153261,3.921638996,1.57023854,4.797848265,3.076508804,3.743870047
,,,,,,,,,,,,,,9y5y,9,14,4.719164786,4.024296364,1.859412836,3.135542118,3.930223989,1.605126595,4.836448028,3.06456167,3.758002016
,,,,,,,,,,,,,,9y6y,9,15,4.707854984,4.055012941,1.861345018,3.119895285,3.934277664,1.638861256,4.871250566,3.046391369,3.7644827
,,,,,,,,,,,,,,9y7y,9,16,4.68780802,4.071429319,1.858247416,3.091591649,3.932765356,1.67157048,4.901368438,3.021770118,3.762021795
,,,,,,,,,,,,,,9y8y,9,17,4.660401583,4.076034569,1.851489474,3.054568818,3.927363498,1.7015184,4.92813393,2.99249026,3.75225815
,,,,,,,,,,,,,,9y9y,9,18,4.626974653,4.071165021,1.842376238,3.0125774,3.91962439,1.727028902,4.952794212,2.960221749,3.736728375
,,,,,,,,,,,,,,9y10y,9,19,4.588543065,4.058200156,1.83187982,2.968454851,3.910545624,1.746784583,4.976156813,2.926195284,3.716397625
,,,,,,,,,,,,,,9y11y,9,20,4.545946417,4.037997373,1.820790776,2.924541174,3.900822247,1.759663596,4.998789444,2.891402068,3.691919333
,,,,,,,,,,,,,,9y12y,9,21,4.500096521,4.011381848,1.809688917,2.8825423,3.890886547,1.765148683,5.020948874,2.856661513,3.663953902
,,,,,,,,,,,,,,9y13y,9,22,4.452495842,3.980009361,1.798697055,2.842699113,3.880739776,1.764625492,5.042166794,2.822586987,3.633755369
,,,,,,,,,,,,,,9y14y,9,23,4.404676868,3.945525086,1.787853978,2.804999152,3.870278594,1.7597207,5.061850958,2.789723768,3.602581928
,,,,,,,,,,,,,,9y15y,9,24,4.358065655,3.90937019,1.777218376,2.769510341,3.859392379,1.751866437,5.079450321,2.758595058,3.571557982
,,,,,,,,,,,,,,9y16y,9,25,4.314015234,3.872845837,1.766862626,2.736355911,3.847965487,1.742361172,5.094442176,2.72970892,3.541716029
,,,,,,,,,,,,,,9y17y,9,26,4.27347453,3.836945321,1.756846212,2.705571398,3.835922915,1.732267745,5.106542443,2.703367521,3.513786663
,,,,,,,,,,,,,,9y18y,9,27,4.235998795,3.80178587,1.747148806,2.676732903,3.823357091,1.722037317,5.116322311,2.679114378,3.487541739
,,,,,,,,,,,,,,9y19y,9,28,4.200892813,3.767299767,1.737740967,2.649356991,3.810386507,1.711981766,5.124501549,2.65636383,3.462568679
,,,,,,,,,,,,,,9y20y,9,29,4.167550177,3.733444728,1.728604126,2.623014998,3.797114544,1.702419441,5.131739814,2.634586479,3.438502574
,,,,,,,,,,,,,,9y21y,9,30,4.13543213,3.700197855,1.719727997,2.597319966,3.783633063,1.693673634,5.138650959,2.613295788,3.415014828
,,,,,,,,,,,,,,10y1y,10,11,4.719048095,3.926379993,1.845004418,3.142370714,3.913730744,1.538267279,4.756867384,3.094937851,3.724727216
,,,,,,,,,,,,,,10y2y,10,12,4.728599215,3.982135352,1.857377108,3.152817072,3.925047744,1.575407336,4.798651265,3.08860658,3.747345651
,,,,,,,,,,,,,,10y3y,10,13,4.730825193,4.032192288,1.866420236,3.154845229,3.935333927,1.610443768,4.839267552,3.078277449,3.765806187
,,,,,,,,,,,,,,10y4y,10,14,4.724957453,4.072721555,1.871318294,3.146408308,3.942641435,1.64400253,4.877162434,3.06290137,3.777987113
,,,,,,,,,,,,,,10y5y,10,15,4.710227156,4.09989641,1.87125582,3.125458871,3.945022356,1.676708936,4.910782598,3.041429069,3.781766914
,,,,,,,,,,,,,,10y6y,10,16,4.686443669,4.111568272,1.865990151,3.091510698,3.941467214,1.708561751,4.939331444,3.013531326,3.776015156
,,,,,,,,,,,,,,10y7y,10,17,4.655316935,4.111097278,1.857160683,3.049210455,3.93405054,1.737503477,4.96449729,2.981245602,3.762857653
,,,,,,,,,,,,,,10y8y,10,18,4.618347219,4.101236199,1.846199392,3.002639905,3.924508164,1.761704658,4.987694688,2.946349109,3.744061719
,,,,,,,,,,,,,,10y9y,10,19,4.576604058,4.083489551,1.834111911,2.954719017,3.913878004,1.779802553,5.009775303,2.910083331,3.72065718
,,,,,,,,,,,,,,10y10y,10,20,4.530941646,4.05873755,1.821690753,2.907787556,3.902849051,1.79066767,5.031309348,2.873421988,3.693305103
,,,,,,,,,,,,,,10y11y,10,21,4.482287649,4.027816961,1.809497818,2.863493658,3.891825851,1.793832849,5.052526917,2.837157753,3.662671382
,,,,,,,,,,,,,,10y12y,10,22,4.432204319,3.992460508,1.797605893,2.821917592,3.88075524,1.790875711,5.072881494,2.801868997,3.630063181
,,,,,,,,,,,,,,10y13y,10,23,4.382267848,3.954365816,1.786012668,2.782916213,3.869488162,1.78357438,5.091717154,2.768071529,3.596775798
,,,,,,,,,,,,,,10y14y,10,24,4.333927908,3.914996947,1.774748902,2.74646984,3.85788082,1.773455265,5.108440315,2.736265929,3.563950579
,,,,,,,,,,,,,,10y15y,10,25,4.288549975,3.875662519,1.763867401,2.712641148,3.845792905,1.76187706,5.122498961,2.706942657,3.532626322
,,,,,,,,,,,,,,10y16y,10,26,4.247067055,3.837342178,1.753412162,2.681414775,3.83313346,1.74993305,5.133601945,2.680377812,3.503519478
,,,,,,,,,,,,,,10y17y,10,27,4.208940246,3.80009118,1.743346323,2.652300876,3.819992555,1.738061697,5.142365364,2.656050349,3.476334687
,,,,,,,,,,,,,,10y18y,10,28,4.173387185,3.763783332,1.733627076,2.624761416,3.806488302,1.726557261,5.149552168,2.633317217,3.450596848
,,,,,,,,,,,,,,10y19y,10,29,4.139737338,3.728331524,1.724225869,2.598327505,3.792722982,1.715724525,5.155852941,2.611606669,3.425894203
,,,,,,,,,,,,,,10y20y,10,30,4.107404031,3.693677968,1.715124846,2.572582097,3.778787006,1.705876173,5.161903987,2.590400434,3.401862488
,,,,,,,,,,,,,,11y1y,11,12,4.738150334,4.037890711,1.869749797,3.16326343,3.936364744,1.612547392,4.840435146,3.082275308,3.769964086
,,,,,,,,,,,,,,11y2y,11,13,4.736713742,4.085098436,1.877128144,3.161082487,3.946135519,1.646532012,4.880467636,3.069947248,3.786345673
,,,,,,,,,,,,,,11y3y,11,14,4.726927239,4.121502076,1.880089585,3.147754173,3.952278332,1.679247614,4.917260785,3.052222543,3.795740412
,,,,,,,,,,,,,,11y4y,11,15,4.708021922,4.143275514,1.87781867,3.12123091,3.95284526,1.711319351,4.949261402,3.028051874,3.796026839
,,,,,,,,,,,,,,11y5y,11,16,4.679922784,4.148605928,1.870187297,3.081338695,3.947014509,1.742620646,4.975824256,2.99725002,3.786272744
,,,,,,,,,,,,,,11y6y,11,17,4.644695075,4.141883493,1.859186727,3.033683745,3.937437173,1.77070951,4.999102275,2.962296893,3.769212726
,,,,,,,,,,,,,,11y7y,11,18,4.60396138,4.126215656,1.846370103,2.982678361,3.926047795,1.793624283,5.020670017,2.925122146,3.746823791
,,,,,,,,,,,,,,11y8y,11,19,4.558798554,4.103128246,1.832750347,2.931262555,3.913896412,1.809994462,5.041388793,2.886976516,3.720148426
,,,,,,,,,,,,,,11y9y,11,20,4.51004093,4.073443945,1.819100346,2.88172276,3.901639974,1.818712158,5.0618029,2.848809115,3.689813757
,,,,,,,,,,,,,,11y10y,11,21,4.458611604,4.037960658,1.805947158,2.835605953,3.889635362,1.819389406,5.08209287,2.811379744,3.656465798
,,,,,,,,,,,,,,11y11y,11,22,4.406127612,3.998467828,1.793296936,2.79278549,3.877757467,1.813840114,5.101610049,2.775226374,3.62145736
,,,,,,,,,,,,,,11y12y,11,23,4.354202828,3.956697967,1.781096689,2.752961671,3.865801281,1.804016639,5.119621302,2.740832669,3.586113179
,,,,,,,,,,,,,,11y13y,11,24,4.304303278,3.914121328,1.769344632,2.716015926,3.853584672,1.791546648,5.135484387,2.708675781,3.551583146
,,,,,,,,,,,,,,11y14y,11,25,4.25780011,3.872039843,1.7580719,2.681946179,3.840940203,1.777849187,5.148615502,2.679228715,3.51890483
,,,,,,,,,,,,,,11y15y,11,26,4.215601653,3.831406324,1.747306012,2.65068438,3.827760307,1.764044102,5.158717583,2.652740476,3.488772295
,,,,,,,,,,,,,,11y16y,11,27,4.177058506,3.79219813,1.736992692,2.621671511,3.814133918,1.750548848,5.166458988,2.62861988,3.460810154
,,,,,,,,,,,,,,11y17y,11,28,4.141289485,3.754218823,1.727075467,2.59431381,3.800179923,1.737633142,5.172651273,2.606163062,3.434471533
,,,,,,,,,,,,,,11y18y,11,29,4.107553407,3.717328831,1.71751595,2.568102882,3.786000329,1.72558326,5.178018805,2.584754937,3.409292369
,,,,,,,,,,,,,,11y19y,11,30,4.075212238,3.681430493,1.708289079,2.542593222,3.771684704,1.714697693,5.183221703,2.563845833,3.384869607
,,,,,,,,,,,,,,12y1y,12,13,4.73527715,4.132306161,1.884506491,3.158901543,3.955906295,1.680516632,4.920500127,3.057619188,3.80272726
,,,,,,,,,,,,,,12y2y,12,14,4.721315691,4.163307758,1.88525948,3.139999544,3.960235127,1.712597724,4.955673604,3.037196161,3.808628576
,,,,,,,,,,,,,,12y3y,12,15,4.697979118,4.178403781,1.880508295,3.10722007,3.958338765,1.744243337,4.985536821,3.009977396,3.804714423
,,,,,,,,,,,,,,12y4y,12,16,4.665365897,4.176284732,1.870296673,3.060857511,3.94967695,1.775138959,5.009671533,2.975993699,3.790349909
,,,,,,,,,,,,,,12y5y,12,17,4.626004023,4.162682049,1.857074113,3.007767808,3.937651659,1.802341934,5.030835701,2.938301211,3.769062454
,,,,,,,,,,,,,,12y6y,12,18,4.581596554,4.140936481,1.842473487,2.95258085,3.924328304,1.823803765,5.050709162,2.898929952,3.742967075
,,,,,,,,,,,,,,12y7y,12,19,4.533176871,4.112447894,1.827464712,2.898119573,3.91068665,1.838201186,5.070096457,2.859076688,3.713031903
,,,,,,,,,,,,,,12y8y,12,20,4.481527254,4.0778881,1.812769165,2.846530176,3.897299378,1.844482753,5.089473869,2.81962584,3.679794966
,,,,,,,,,,,,,,12y9y,12,21,4.427551745,4.03796843,1.798857976,2.799199566,3.884443209,1.842371852,5.108943729,2.781280236,3.643854877
,,,,,,,,,,,,,,12y10y,12,22,4.372925339,3.994525539,1.78565165,2.755737696,3.871896739,1.833969387,5.127727539,2.74452148,3.606606687
,,,,,,,,,,,,,,12y11y,12,23,4.319298509,3.949316809,1.773037316,2.715661511,3.85938642,1.821422934,5.145001861,2.709792429,3.569399461
,,,,,,,,,,,,,,12y12y,12,24,4.268149356,3.903807213,1.760977534,2.678745301,3.846686332,1.806463253,5.160071823,2.677542487,3.533384734
,,,,,,,,,,,,,,12y13y,12,25,4.220850092,3.859282084,1.749481292,2.644921775,3.833599853,1.79056471,5.172321683,2.648225131,3.499592579
,,,,,,,,,,,,,,12y14y,12,26,4.178276747,3.816657439,1.738560027,2.61407159,3.820002848,1.774865295,5.181452043,2.622059416,3.468687167
,,,,,,,,,,,,,,12y15y,12,27,4.139652384,3.775818624,1.728142219,2.585565383,3.805985196,1.759748945,5.18819391,2.598376185,3.440199891
,,,,,,,,,,,,,,12y16y,12,28,4.103985681,3.73648933,1.718158322,2.558754458,3.791668372,1.745451001,5.193414781,2.576406046,3.413503248
,,,,,,,,,,,,,,12y17y,12,29,4.07045947,3.69847225,1.708561018,2.533093438,3.777155364,1.732232429,5.197876667,2.555489033,3.388076385
,,,,,,,,,,,,,,12y18y,12,30,4.038382344,3.661627147,1.699319039,2.508111544,3.762535813,1.72037271,5.2022654,2.535044196,3.36347547
,,,,,,,,,,,,,,13y1y,13,14,4.707354232,4.194309355,1.886012468,3.121097544,3.964563958,1.744678817,4.990847081,3.016773133,3.814529891
,,,,,,,,,,,,,,13y2y,13,15,4.679330101,4.201452592,1.878509197,3.081379334,3.959555,1.776106689,5.018055168,2.986156499,3.805708005
,,,,,,,,,,,,,,13y3y,13,16,4.642062146,4.190944256,1.865560066,3.028176167,3.947600501,1.806679734,5.039395336,2.948785202,3.786224126
,,,,,,,,,,,,,,13y4y,13,17,4.598685741,4.170276021,1.850216019,2.969984375,3.933088,1.83279826,5.058419594,2.908471716,3.760646253
,,,,,,,,,,,,,,13y5y,13,18,4.550860435,4.142662545,1.834066886,2.911316711,3.918012705,1.852461192,5.076750969,2.867192105,3.731015038
,,,,,,,,,,,,,,13y6y,13,19,4.499493491,4.109138182,1.817957748,2.854655912,3.903150043,1.864481946,5.095029178,2.825986271,3.698082676
,,,,,,,,,,,,,,13y7y,13,20,4.445277269,4.070114091,1.802520975,2.801905695,3.888926961,1.867906485,5.113612975,2.785626791,3.66223321
,,,,,,,,,,,,,,13y8y,13,21,4.38908607,4.026176214,1.788151912,2.754236819,3.875510323,1.862603754,5.132499179,2.746737867,3.62399583
,,,,,,,,,,,,,,13y9y,13,22,4.332664027,3.979216581,1.774667779,2.710941714,3.862562344,1.851019693,5.150752807,2.709732846,3.584815512
,,,,,,,,,,,,,,13y10y,13,23,4.277700645,3.931017874,1.761890398,2.671337508,3.849734433,1.835513564,5.167452035,2.675009753,3.546066681
,,,,,,,,,,,,,,13y11y,13,24,4.225683193,3.883034581,1.749747629,2.635094733,3.836757245,1.817912945,5.181851069,2.64299006,3.50889905
,,,,,,,,,,,,,,13y12y,13,25,4.177981171,3.836530077,1.738229192,2.602090127,3.82340765,1.799735383,5.193306813,2.614108959,3.474331356
,,,,,,,,,,,,,,13y13y,13,26,4.135430562,3.792376768,1.727333376,2.572161594,3.809548736,1.782122885,5.201525267,2.588554819,3.442991776
,,,,,,,,,,,,,,13y14y,13,27,4.097107757,3.750355229,1.716973342,2.544612801,3.795276546,1.765408396,5.207314895,2.565573114,3.414305079
,,,,,,,,,,,,,,13y15y,13,28,4.061899584,3.710101541,1.707068444,2.518744653,3.780719177,1.749779959,5.211609092,2.54432517,3.387554981
,,,,,,,,,,,,,,13y16y,13,29,4.028908365,3.671357631,1.697564425,2.493980432,3.76598343,1.735464667,5.215212701,2.524105898,3.362160706
,,,,,,,,,,,,,,13y17y,13,30,3.997388532,3.633940146,1.68842566,2.46982978,3.751161079,1.722717185,5.218839828,2.504304491,3.337637129
,,,,,,,,,,,,,,14y1y,14,15,4.651305971,4.208595828,1.871005925,3.041661123,3.954546042,1.807534561,5.045263255,2.955539865,3.796886119
,,,,,,,,,,,,,,14y2y,14,16,4.609416103,4.189261706,1.855333865,2.981715478,3.939118773,1.837680193,5.063669463,2.914791236,3.772071243
,,,,,,,,,,,,,,14y3y,14,17,4.56246291,4.16226491,1.838283869,2.919613318,3.922596014,1.862171407,5.080943765,2.872371244,3.74268504
,,,,,,,,,,,,,,14y4y,14,18,4.511736986,4.129750842,1.821080491,2.858871502,3.906374892,1.879406786,5.098226941,2.829796847,3.710136324
,,,,,,,,,,,,,,14y5y,14,19,4.457921343,4.092103948,1.804346804,2.801367585,3.890867259,1.888442571,5.115865598,2.787828899,3.674793233
,,,,,,,,,,,,,,14y6y,14,20,4.401597775,4.04941488,1.788605726,2.748707054,3.876320795,1.88844443,5.134073957,2.7471024,3.63685043
,,,,,,,,,,,,,,14y7y,14,21,4.343619189,4.002157194,1.774171832,2.701828144,3.862788375,1.879450174,5.152735193,2.708161401,3.596776678
,,,,,,,,,,,,,,14y8y,14,22,4.285827751,3.952329985,1.760749692,2.659672235,3.849812142,1.864312302,5.170741023,2.67135281,3.556101215
,,,,,,,,,,,,,,14y9y,14,23,4.229961358,3.901763265,1.748099057,2.62136417,3.836975597,1.845606314,5.187074807,2.637036044,3.516237435
,,,,,,,,,,,,,,14y10y,14,24,4.17751609,3.851907104,1.736121145,2.586494452,3.823976574,1.825236358,5.200951467,2.605611752,3.478335965
,,,,,,,,,,,,,,14y11y,14,25,4.129856347,3.804004688,1.724794349,2.554907635,3.810575258,1.804740525,5.211712243,2.577503125,3.443404216
,,,,,,,,,,,,,,14y12y,14,26,4.087770256,3.758882386,1.714110119,2.526416931,3.796630801,1.785243224,5.219081782,2.552869959,3.412030266
,,,,,,,,,,,,,,14y13y,14,27,4.050165721,3.716204911,1.703970332,2.50026782,3.782254437,1.767002979,5.223966265,2.53086542,3.383518555
,,,,,,,,,,,,,,14y14y,14,28,4.01579568,3.675515269,1.694286728,2.475719446,3.767587407,1.750144326,5.227377807,2.510578887,3.357056773
,,,,,,,,,,,,,,14y15y,14,29,3.983678641,3.636494183,1.685001223,2.452172624,3.752744728,1.73485039,5.230170409,2.491261416,3.33200276
,,,,,,,,,,,,,,14y16y,14,30,3.953015676,3.598917071,1.676076484,2.429125544,3.737823399,1.721344583,5.233089375,2.4722752,3.307831332
,,,,,,,,,,,,,,15y1y,15,16,4.567526234,4.169927584,1.839661805,2.921769833,3.923691504,1.867825825,5.082075671,2.874042607,3.747256366
,,,,,,,,,,,,,,15y2y,15,17,4.51804138,4.13909945,1.821922841,2.858589416,3.906621,1.88948983,5.09878402,2.830786933,3.715584501
,,,,,,,,,,,,,,15y3y,15,18,4.465213991,4.10346918,1.804438679,2.797941629,3.890317842,1.903364194,5.115881503,2.787882508,3.681219726
,,,,,,,,,,,,,,15y4y,15,19,4.409575186,4.062980978,1.787682024,2.741294201,3.874947564,1.908669574,5.133516183,2.745901157,3.644270012
,,,,,,,,,,,,,,15y5y,15,20,4.351656136,4.017578691,1.772125686,2.69011624,3.860675746,1.904626403,5.151836098,2.705414907,3.604843292
,,,,,,,,,,,,,,15y6y,15,21,4.292338059,3.967750754,1.758032816,2.645189314,3.84749543,1.891436109,5.170647183,2.666931657,3.563425104
,,,,,,,,,,,,,,15y7y,15,22,4.233616577,3.915720579,1.744998802,2.605102393,3.834850157,1.872423408,5.188666419,2.63075466,3.521703372
,,,,,,,,,,,,,,15y8y,15,23,4.177293281,3.863409194,1.732735699,2.568827051,3.822279291,1.850365283,5.204801251,2.597223066,3.48115635
,,,,,,,,,,,,,,15y9y,15,24,4.124872769,3.812275023,1.721133948,2.535920378,3.809468855,1.827203225,5.218250158,2.566730851,3.442941504
,,,,,,,,,,,,,,15y10y,15,25,4.077711385,3.763545574,1.710173192,2.506232286,3.79617818,1.804461121,5.228357142,2.539699451,3.408056026
,,,,,,,,,,,,,,15y11y,15,26,4.036539737,3.717999346,1.699846863,2.47957655,3.78227487,1.783216739,5.234883467,2.516263604,3.37704337
,,,,,,,,,,,,,,15y12y,15,27,4.0000707,3.675172335,1.690050699,2.455151712,3.767896804,1.763625347,5.238858183,2.495475883,3.349071259
,,,,,,,,,,,,,,15y13y,15,28,3.966910273,3.634509072,1.680692943,2.432185471,3.753205973,1.745729693,5.241386618,2.476351119,3.323223746
,,,,,,,,,,,,,,15y14y,15,29,3.935990974,3.595629779,1.671715172,2.410066303,3.738330349,1.729658663,5.243378063,2.458098669,3.298796806
,,,,,,,,,,,,,,15y15y,15,30,3.906462989,3.55827182,1.663081188,2.388289839,3.723375223,1.715598585,5.245611116,2.440057556,3.275227679
,,,,,,,,,,,,,,16y1y,16,17,4.468556526,4.108271316,1.804183877,2.795408998,3.889550495,1.911153835,5.115492369,2.787531259,3.683912635
,,,,,,,,,,,,,,16y2y,16,18,4.414057869,4.070239978,1.786827116,2.736027527,3.873631011,1.921133378,5.132784419,2.744802458,3.648201406
,,,,,,,,,,,,,,16y3y,16,19,4.356924836,4.027332109,1.77035543,2.681135656,3.858699584,1.922284157,5.150663021,2.703187341,3.609941227
,,,,,,,,,,,,,,16y4y,16,20,4.297688611,3.979491468,1.755241657,2.632202842,3.844921806,1.913826548,5.169276204,2.663257982,3.569240023
,,,,,,,,,,,,,,16y5y,16,21,4.237300424,3.927315388,1.741707019,2.589873211,3.832256216,1.896158166,5.188361485,2.625509467,3.526658852
,,,,,,,,,,,,,,16y6y,16,22,4.177964968,3.873352744,1.729221635,2.552324487,3.820043265,1.873189672,5.206431543,2.590206668,3.484111206
,,,,,,,,,,,,,,16y7y,16,23,4.121545716,3.819620853,1.717460541,2.518406654,3.807791832,1.847870919,5.222333477,2.557677418,3.443142062
,,,,,,,,,,,,,,16y8y,16,24,4.069541086,3.767568453,1.706317965,2.487689196,3.795191024,1.8221254,5.235271969,2.528316881,3.404902146
,,,,,,,,,,,,,,16y9y,16,25,4.023287513,3.718392017,1.695785568,2.460061448,3.782010033,1.797420599,5.244610639,2.502550211,3.3703671
,,,,,,,,,,,,,,16y10y,16,26,3.983441087,3.672806522,1.685865369,2.435357222,3.768133207,1.77475583,5.250164246,2.480485704,3.340022071
,,,,,,,,,,,,,,16y11y,16,27,3.948483833,3.630194585,1.67644969,2.412731882,3.753733649,1.754152577,5.253111139,2.461060726,3.312872612
,,,,,,,,,,,,,,16y12y,16,28,3.916858943,3.589890862,1.667445538,2.391386774,3.738998846,1.735555015,5.254662531,2.443210162,3.287887695
,,,,,,,,,,,,,,16y13y,16,29,3.887411339,3.551453025,1.658796201,2.370704493,3.724071798,1.71903042,5.255785939,2.426102982,3.264299917
,,,,,,,,,,,,,,16y14y,16,30,3.859244186,3.514582123,1.650468287,2.350184125,3.709066917,1.70472521,5.25729222,2.409058624,3.241511344
,,,,,,,,,,,,,,17y1y,17,18,4.359559213,4.032208639,1.769470354,2.676646056,3.857711528,1.931112921,5.150076469,2.702073658,3.612490177
,,,,,,,,,,,,,,17y2y,17,19,4.301108991,3.986862505,1.753441207,2.623998986,3.843274128,1.927849317,5.168248347,2.661015382,3.572955524
,,,,,,,,,,,,,,17y3y,17,20,4.24073264,3.936564851,1.738927583,2.57780079,3.830045577,1.914717452,5.18720415,2.621833557,3.531015819
,,,,,,,,,,,,,,17y4y,17,21,4.179486398,3.882076407,1.726087804,2.538489264,3.817932646,1.892409248,5.206578764,2.585004019,3.487345406
,,,,,,,,,,,,,,17y5y,17,22,4.119846656,3.82636903,1.714229186,2.503707585,3.806141819,1.865596839,5.224619378,2.55074175,3.44415092
,,,,,,,,,,,,,,17y6y,17,23,4.063710581,3.771512442,1.703006651,2.472239596,3.794165388,1.837323767,5.240140328,2.519368444,3.403013633
,,,,,,,,,,,,,,17y7y,17,24,4.012538881,3.718896615,1.692337121,2.443729224,3.781711099,1.809407052,5.25238334,2.491286256,3.365043505
,,,,,,,,,,,,,,17y8y,17,25,3.967628886,3.669657105,1.682235779,2.418143004,3.768567475,1.783203944,5.260750422,2.46692758,3.331173908
,,,,,,,,,,,,,,17y9y,17,26,3.929539372,3.624421545,1.672718868,2.395351469,3.754642397,1.759600496,5.265127788,2.446369531,3.301812008
,,,,,,,,,,,,,,17y10y,17,27,3.896476564,3.582386912,1.663676271,2.374464171,3.740151964,1.738452451,5.266873015,2.428413673,3.27576861
,,,,,,,,,,,,,,17y11y,17,28,3.866704617,3.542765366,1.65501478,2.354657481,3.725312332,1.719591486,5.267314364,2.411908244,3.251885427
,,,,,,,,,,,,,,17y12y,17,29,3.838982574,3.505051501,1.646680561,2.335312451,3.710281907,1.703020135,5.26747707,2.395983959,3.22933219
,,,,,,,,,,,,,,17y13y,17,30,3.812374006,3.468913724,1.638644011,2.315936058,3.695183565,1.688846086,5.2681999,2.379945344,3.207480476
,,,,,,,,,,,,,,18y1y,18,19,4.24265877,3.941516371,1.73741206,2.571351915,3.828836729,1.924585714,5.186420224,2.619957105,3.53342087
,,,,,,,,,,,,,,18y2y,18,20,4.181319353,3.888742957,1.723656198,2.528378157,3.816212601,1.906519718,5.20576799,2.581713506,3.49027864
,,,,,,,,,,,,,,18y3y,18,21,4.119462127,3.832032329,1.711626954,2.492437,3.804673018,1.879508024,5.225412862,2.545980806,3.445630483
,,,,,,,,,,,,,,18y4y,18,22,4.059918517,3.774909127,1.700418894,2.460472967,3.793249392,1.849217819,5.243255105,2.512908773,3.402066106
,,,,,,,,,,,,,,18y5y,18,23,4.004540855,3.719373203,1.689713911,2.431358305,3.78145616,1.818565936,5.2581531,2.482827401,3.361118324
,,,,,,,,,,,,,,18y6y,18,24,3.954702159,3.666677945,1.679481582,2.404909752,3.769044361,1.78912274,5.269434485,2.456155022,3.323802393
,,,,,,,,,,,,,,18y7y,18,25,3.911638839,3.617864029,1.669773697,2.381213996,3.75583261,1.76207409,5.276560987,2.433335284,3.290985869
,,,,,,,,,,,,,,18y8y,18,26,3.875786891,3.573448158,1.660624933,2.360189646,3.741758756,1.738161443,5.279509203,2.414406515,3.262977237
,,,,,,,,,,,,,,18y9y,18,27,3.845022937,3.53240672,1.651921373,2.340888406,3.727089791,1.717045732,5.279850409,2.398007008,3.238355103
,,,,,,,,,,,,,,18y10y,18,28,3.817419158,3.493821039,1.643569223,2.322458624,3.712072413,1.698439343,5.279038153,2.382891703,3.215824952
,,,,,,,,,,,,,,18y11y,18,29,3.791657425,3.457128125,1.635517852,2.304282123,3.696879214,1.682284428,5.278149852,2.368157622,3.194499646
,,,,,,,,,,,,,,18y12y,18,30,3.766775239,3.421972481,1.627741815,2.285876891,3.681639568,1.668657183,5.27804352,2.353101318,3.173729667
,,,,,,,,,,,,,,19y1y,19,20,4.119979937,3.835969543,1.709900336,2.485404399,3.803588474,1.888453722,5.225115755,2.543469907,3.447136411
,,,,,,,,,,,,,,19y2y,19,21,4.057863806,3.777290308,1.698734401,2.452979542,3.792591163,1.856969179,5.244909181,2.508992656,3.401735289
,,,,,,,,,,,,,,19y3y,19,22,3.999005099,3.71937338,1.688087839,2.423513317,3.781386947,1.824095187,5.262200066,2.477225996,3.358281184
,,,,,,,,,,,,,,19y4y,19,23,3.945011376,3.663837411,1.677789373,2.396359902,3.769611018,1.792060992,5.276086319,2.448544975,3.318042687
,,,,,,,,,,,,,,19y5y,19,24,3.897110836,3.61171026,1.667895486,2.371621319,3.757085888,1.762030145,5.286037337,2.423394606,3.281878698
,,,,,,,,,,,,,,19y6y,19,25,3.856468851,3.563921972,1.658500636,2.349524343,3.743665257,1.73498882,5.291584448,2.402231647,3.250580036
,,,,,,,,,,,,,,19y7y,19,26,3.823376623,3.520866985,1.649655343,2.330023607,3.729319045,1.711529404,5.292807629,2.385042145,3.224342432
,,,,,,,,,,,,,,19y8y,19,27,3.795318457,3.481268013,1.641235037,2.312080467,3.714371424,1.691103234,5.291529183,2.370263245,3.201471882
,,,,,,,,,,,,,,19y9y,19,28,3.770170312,3.444077113,1.633142241,2.294803814,3.6990986,1.673311968,5.289329034,2.356551102,3.180536517
,,,,,,,,,,,,,,19y10y,19,29,3.74655729,3.4086893,1.625328432,2.277575144,3.683683463,1.658054299,5.287322815,2.342977674,3.160607523
,,,,,,,,,,,,,,19y11y,19,30,3.7235131,3.374741218,1.617771793,2.259924617,3.668258008,1.645390952,5.28637291,2.328841701,3.141030467
,,,,,,,,,,,,,,20y1y,20,21,3.995747675,3.718611072,1.687568466,2.420554685,3.781593853,1.825484637,5.264702606,2.474515404,3.356334167
,,,,,,,,,,,,,,20y2y,20,22,3.938517681,3.661075298,1.677181591,2.392567777,3.770286184,1.79191592,5.280742221,2.44410404,3.313853571
,,,,,,,,,,,,,,20y3y,20,23,3.886688523,3.606460033,1.667085719,2.366678403,3.7582852,1.759930082,5.293076507,2.416903331,3.275011446
,,,,,,,,,,,,,,20y4y,20,24,3.841393561,3.555645439,1.657394274,2.34317555,3.745460241,1.730424251,5.301267733,2.39337578,3.240564269
,,,,,,,,,,,,,,20y5y,20,25,3.803766634,3.509512457,1.648220697,2.322348332,3.731680614,1.70429584,5.304878186,2.373983995,3.211268761
,,,,,,,,,,,,,,20y6y,20,26,3.773942737,3.468349892,1.639614511,2.304126809,3.716940807,1.682042018,5.304089608,2.358637518,3.187210102
,,,,,,,,,,,,,,20y7y,20,27,3.748938246,3.430596366,1.631425709,2.287319906,3.701626131,1.662910307,5.301016815,2.345519436,3.166376949
,,,,,,,,,,,,,,20y8y,20,28,3.726444109,3.39509056,1.623547479,2.270978741,3.686037365,1.646419249,5.297355694,2.333186252,3.14721153
,,,,,,,,,,,,,,20y9y,20,29,3.705065885,3.361213717,1.615931553,2.254483004,3.670360684,1.632454363,5.294234711,2.320700759,3.12877098
,,,,,,,,,,,,,,20y10y,20,30,3.683866416,3.328618385,1.608558939,2.237376638,3.654724962,1.621084676,5.292498626,2.30737888,3.110419873
,,,,,,,,,,,,,,21y1y,21,22,3.881287687,3.603539523,1.666794715,2.364580868,3.758978515,1.758347202,5.296781835,2.413692677,3.271372975
,,,,,,,,,,,,,,21y2y,21,23,3.832158947,3.550384514,1.656844346,2.339740262,3.746630873,1.727152804,5.307263458,2.388097295,3.234350086
,,,,,,,,,,,,,,21y3y,21,24,3.78994219,3.501323561,1.64733621,2.317382504,3.733415704,1.698737456,5.313456108,2.366329239,3.201974303
,,,,,,,,,,,,,,21y4y,21,25,3.755771373,3.457237804,1.638383754,2.297796744,3.719202304,1.67399864,5.314922081,2.348851142,3.175002409
,,,,,,,,,,,,,,21y5y,21,26,3.72958175,3.418297656,1.63002372,2.280841233,3.704010198,1.653353494,5.311967008,2.335461941,3.153385289
,,,,,,,,,,,,,,21y6y,21,27,3.707803341,3.382593915,1.622068583,2.265114109,3.688298177,1.635814585,5.307069183,2.324020109,3.134717413
,,,,,,,,,,,,,,21y7y,21,28,3.687972171,3.348873344,1.614401623,2.249610748,3.672386439,1.620838479,5.302020421,2.312996373,3.117336868
,,,,,,,,,,,,,,21y8y,21,29,3.668730661,3.316539048,1.606976939,2.233724044,3.656456538,1.608325579,5.297926224,2.301473928,3.100325582
,,,,,,,,,,,,,,21y9y,21,30,3.649212943,3.285285864,1.599780103,2.217023522,3.640628418,1.598373569,5.295587072,2.288808156,3.083096062
,,,,,,,,,,,,,,22y1y,22,23,3.783030206,3.497229504,1.646893976,2.314899656,3.734283232,1.695958405,5.317745081,2.362501913,3.197327197
,,,,,,,,,,,,,,22y2y,22,24,3.744269442,3.45021558,1.637606957,2.293783323,3.720634298,1.668932583,5.321793244,2.34264752,3.167274968
,,,,,,,,,,,,,,22y3y,22,25,3.713932602,3.408470564,1.628913434,2.275535369,3.705943567,1.645882453,5.32096883,2.327237297,3.142878887
,,,,,,,,,,,,,,22y4y,22,26,3.691655266,3.371987189,1.620830971,2.259906325,3.690268119,1.627105067,5.315763301,2.315904256,3.123888368
,,,,,,,,,,,,,,22y5y,22,27,3.673106472,3.338404794,1.613123356,2.245220757,3.674162109,1.611308062,5.309126653,2.306085595,3.1073863
,,,,,,,,,,,,,,22y6y,22,28,3.655752918,3.30642898,1.605669441,2.230449062,3.657954426,1.597920359,5.302893518,2.296213656,3.091664183
,,,,,,,,,,,,,,22y7y,22,29,3.638365372,3.27553898,1.598431543,2.215030212,3.641810541,1.586893919,5.298089708,2.285442679,3.07589024
,,,,,,,,,,,,,,22y8y,22,30,3.6202036,3.245504157,1.591403276,2.198578854,3.625834656,1.578376865,5.295437727,2.27319759,3.059561448
,,,,,,,,,,,,,,23y1y,23,24,3.705508678,3.403201655,1.628319939,2.27266699,3.706985365,1.64190676,5.325841408,2.322793127,3.137222738
,,,,,,,,,,,,,,23y2y,23,25,3.6793838,3.364091094,1.619923163,2.255853226,3.691773735,1.620844476,5.322580704,2.309604989,3.115654732
,,,,,,,,,,,,,,23y3y,23,26,3.661196952,3.33023975,1.612143303,2.241575214,3.675596415,1.604153955,5.315102708,2.300371704,3.099408758
,,,,,,,,,,,,,,23y4y,23,27,3.645625539,3.298698616,1.604680701,2.227801032,3.659131829,1.590145476,5.306972046,2.291981515,3.084901076
,,,,,,,,,,,,,,23y5y,23,28,3.630297461,3.268268876,1.597424535,2.213558943,3.642688665,1.578312749,5.299923206,2.282956004,3.070531581
,,,,,,,,,,,,,,23y6y,23,29,3.614254566,3.238590559,1.590354471,2.198385305,3.626398426,1.568716504,5.294813812,2.272599473,3.055650747
,,,,,,,,,,,,,,23y7y,23,30,3.596942656,3.209543393,1.583476033,2.181961596,3.610342003,1.561579502,5.292250962,2.26043983,3.039880627
,,,,,,,,,,,,,,24y1y,24,25,3.653258922,3.324980533,1.611526387,2.239039463,3.676562105,1.599782193,5.319320001,2.296416851,3.094086726
,,,,,,,,,,,,,,24y2y,24,26,3.639041089,3.293758798,1.604054985,2.226029327,3.659901939,1.585277552,5.309733358,2.289160992,3.080501768
,,,,,,,,,,,,,,24y3y,24,27,3.625664492,3.26386427,1.596800955,2.212845713,3.64318065,1.572891715,5.300682258,2.281710978,3.067460522
,,,,,,,,,,,,,,24y4y,24,28,3.611494656,3.234535681,1.589700684,2.198781931,3.62661449,1.562414247,5.293443655,2.272996723,3.053858791
,,,,,,,,,,,,,,24y5y,24,29,3.596003744,3.20566834,1.582761377,2.183528968,3.610281038,1.554078453,5.288608293,2.262560742,3.039336349
,,,,,,,,,,,,,,24y6y,24,30,3.578848319,3.177267016,1.576002049,2.166844031,3.594234775,1.548191625,5.286652555,2.250047614,3.023656942
,,,,,,,,,,,,,,25y1y,25,26,3.624823257,3.262537063,1.596583583,2.213019191,3.643241774,1.570772911,5.300146715,2.281905134,3.066916809
,,,,,,,,,,,,,,25y2y,25,27,3.611867278,3.233306139,1.589438239,2.199748839,3.626489923,1.559446476,5.291363387,2.274358041,3.05414742
,,,,,,,,,,,,,,25y3y,25,28,3.597573235,3.204387397,1.582425449,2.185362754,3.609965285,1.549958265,5.284818207,2.265190014,3.04044948
,,,,,,,,,,,,,,25y4y,25,29,3.581689949,3.175840292,1.575570125,2.169651344,3.593710772,1.542652518,5.280930366,2.254096715,3.025648755
,,,,,,,,,,,,,,25y5y,25,30,3.563966198,3.147724313,1.568897181,2.152404944,3.57776931,1.537873512,5.280119065,2.240773766,3.009570985
,,,,,,,,,,,,,,26y1y,26,27,3.598911298,3.204075214,1.582292895,2.186478487,3.609738072,1.548120041,5.28258006,2.266810949,3.041378031
,,,,,,,,,,,,,,26y2y,26,28,3.583948223,3.175312563,1.575346382,2.171534536,3.59332704,1.539550941,5.277153952,2.256832454,3.027215815
,,,,,,,,,,,,,,26y3y,26,29,3.56731218,3.146941368,1.568565638,2.155195396,3.577200437,1.533279053,5.274524916,2.244827242,3.011892737
,,,,,,,,,,,,,,26y4y,26,30,3.548751933,3.119021125,1.561975581,2.137251383,3.561401194,1.529648662,5.275112153,2.230490924,2.995234529
,,,,,,,,,,,,,,27y1y,27,28,3.568985149,3.146549913,1.568399869,2.156590585,3.576916008,1.530981842,5.271727845,2.246853959,3.013053599
,,,,,,,,,,,,,,27y2y,27,29,3.55151262,3.118374446,1.56170201,2.13955385,3.56093162,1.52585856,5.270497345,2.233835388,2.99715009
,,,,,,,,,,,,,,27y3y,27,30,3.532032145,3.090669763,1.555203143,2.120842348,3.545288901,1.523491535,5.272622851,2.21838425,2.979853361
,,,,,,,,,,,,,,28y1y,28,29,3.534040092,3.090198979,1.555004151,2.122517115,3.544947232,1.520735277,5.269266845,2.220816817,2.98124658
,,,,,,,,,,,,,,28y2y,28,30,3.513555643,3.062729687,1.54860478,2.10296823,3.529475347,1.519746382,5.273070354,2.204149395,2.963253243
,,,,,,,,,,,,,,29y1y,29,30,3.493071194,3.035260396,1.542205409,2.083419345,3.514003462,1.518757486,5.276873862,2.187481972,2.945259905
